,word
0,a&p
1,a's
2,aa
3,aaa
4,aaaa
5,aaron
6,ab
7,aba
8,ababa
9,aback
10,abase
11,abash
12,abate
13,abbas
14,abbe
15,abbey
16,abbot
17,abbott
18,abc
19,abe
20,abed
21,abel
22,abet
23,abide
24,abject
25,ablaze
26,able
27,abner
28,abo
29,abode
30,abort
31,about
32,above
33,abrade
34,abram
35,absorb
36,abuse
37,abut
38,abyss
39,ac
40,acadia
41,accra
42,accrue
43,ace
44,acetic
45,ache
46,acid
47,acidic
48,acm
49,acme
50,acorn
51,acre
52,acrid
53,act
54,acton
55,actor
56,acts
57,acuity
58,acute
59,ad
60,ada
61,adage
62,adagio
63,adair
64,adam
65,adams
66,adapt
67,add
68,added
69,addict
70,addis
71,addle
72,adele
73,aden
74,adept
75,adieu
76,adjust
77,adler
78,admit
79,admix
80,ado
81,adobe
82,adonis
83,adopt
84,adore
85,adorn
86,adult
87,advent
88,advert
89,advise
90,ae
91,aegis
92,aeneid
93,af
94,afar
95,affair
96,affine
97,affix
98,afire
99,afoot
100,afraid
101,africa
102,afro
103,aft
104,ag
105,again
106,agate
107,agave
108,age
109,agee
110,agenda
111,agent
112,agile
113,aging
114,agnes
115,agnew
116,ago
117,agone
118,agony
119,agree
120,ague
121,agway
122,ah
123,ahead
124,ahem
125,ahoy
126,ai
127,aid
128,aida
129,aide
130,aides
131,aiken
132,ail
133,aile
134,aim
135,ain't
136,ainu
137,air
138,aires
139,airman
140,airway
141,airy
142,aisle
143,aj
144,ajar
145,ajax
146,ak
147,akers
148,akin
149,akron
150,al
151,ala
152,alai
153,alamo
154,alan
155,alarm
156,alaska
157,alb
158,alba
159,album
160,alcoa
161,alden
162,alder
163,ale
164,alec
165,aleck
166,aleph
167,alert
168,alex
169,alexei
170,alga
171,algae
172,algal
173,alger
174,algol
175,ali
176,alia
177,alias
178,alibi
179,alice
180,alien
181,alight
182,align
183,alike
184,alive
185,all
186,allah
187,allan
188,allay
189,allen
190,alley
191,allied
192,allis
193,allot
194,allow
195,alloy
196,allure
197,ally
198,allyl
199,allyn
200,alma
201,almost
202,aloe
203,aloft
204,aloha
205,alone
206,along
207,aloof
208,aloud
209,alp
210,alpha
211,alps
212,also
213,alsop
214,altair
215,altar
216,alter
217,alto
218,alton
219,alum
220,alumni
221,alva
222,alvin
223,alway
224,am
225,ama
226,amass
227,amaze
228,amber
229,amble
230,ambush
231,amen
232,amend
233,ames
234,ami
235,amid
236,amide
237,amigo
238,amino
239,amiss
240,amity
241,amman
242,ammo
243,amoco
244,amok
245,among
246,amort
247,amos
248,amp
249,ampere
250,ampex
251,ample
252,amply
253,amra
254,amulet
255,amuse
256,amy
257,an
258,ana
259,and
260,andes
261,andre
262,andrew
263,andy
264,anent
265,anew
266,angel
267,angelo
268,anger
269,angie
270,angle
271,anglo
272,angola
273,angry
274,angst
275,angus
276,ani
277,anion
278,anise
279,anita
280,ankle
281,ann
282,anna
283,annal
284,anne
285,annex
286,annie
287,annoy
288,annul
289,annuli
290,annum
291,anode
292,ansi
293,answer
294,ant
295,ante
296,anti
297,antic
298,anton
299,anus
300,anvil
301,any
302,anyhow
303,anyway
304,ao
305,aok
306,aorta
307,ap
308,apart
309,apathy
310,ape
311,apex
312,aphid
313,aplomb
314,appeal
315,append
316,apple
317,apply
318,april
319,apron
320,apse
321,apt
322,aq
323,aqua
324,ar
325,arab
326,araby
327,arc
328,arcana
329,arch
330,archer
331,arden
332,ardent
333,are
334,area
335,arena
336,ares
337,argive
338,argo
339,argon
340,argot
341,argue
342,argus
343,arhat
344,arid
345,aries
346,arise
347,ark
348,arlen
349,arlene
350,arm
351,armco
352,army
353,arnold
354,aroma
355,arose
356,arpa
357,array
358,arrear
359,arrow
360,arson
361,art
362,artery
363,arthur
364,artie
365,arty
366,aruba
367,arum
368,aryl
369,as
370,ascend
371,ash
372,ashen
373,asher
374,ashley
375,ashy
376,asia
377,aside
378,ask
379,askew
380,asleep
381,aspen
382,aspire
383,ass
384,assai
385,assam
386,assay
387,asset
388,assort
389,assure
390,aster
391,astm
392,astor
393,astral
394,at
395,at&t
396,ate
397,athens
398,atlas
399,atom
400,atomic
401,atone
402,atop
403,attic
404,attire
405,au
406,aubrey
407,audio
408,audit
409,aug
410,auger
411,augur
412,august
413,auk
414,aunt
415,aura
416,aural
417,auric
418,austin
419,auto
420,autumn
421,av
422,avail
423,ave
424,aver
425,avert
426,avery
427,aviate
428,avid
429,avis
430,aviv
431,avoid
432,avon
433,avow
434,aw
435,await
436,awake
437,award
438,aware
439,awash
440,away
441,awe
442,awful
443,awl
444,awn
445,awoke
446,awry
447,ax
448,axe
449,axes
450,axial
451,axiom
452,axis
453,axle
454,axon
455,ay
456,aye
457,ayers
458,az
459,aztec
460,azure
461,b
462,b's
463,ba
464,babe
465,babel
466,baby
467,bach
468,back
469,backup
470,bacon
471,bad
472,bade
473,baden
474,badge
475,baffle
476,bag
477,baggy
478,bah
479,bahama
480,bail
481,baird
482,bait
483,bake
484,baku
485,bald
486,baldy
487,bale
488,bali
489,balk
490,balkan
491,balky
492,ball
493,balled
494,ballot
495,balm
496,balmy
497,balsa
498,bam
499,bambi
500,ban
501,banal
502,band
503,bandit
504,bandy
505,bane
506,bang
507,banish
508,banjo
509,bank
510,banks
511,bantu
512,bar
513,barb
514,bard
515,bare
516,barfly
517,barge
518,bark
519,barley
520,barn
521,barnes
522,baron
523,barony
524,barr
525,barre
526,barry
527,barter
528,barth
529,barton
530,basal
531,base
532,basel
533,bash
534,basic
535,basil
536,basin
537,basis
538,bask
539,bass
540,bassi
541,basso
542,baste
543,bat
544,batch
545,bate
546,bater
547,bates
548,bath
549,bathe
550,batik
551,baton
552,bator
553,batt
554,bauble
555,baud
556,bauer
557,bawd
558,bawdy
559,bawl
560,baxter
561,bay
562,bayda
563,bayed
564,bayou
565,bazaar
566,bb
567,bbb
568,bbbb
569,bc
570,bcd
571,bd
572,be
573,beach
574,bead
575,beady
576,beak
577,beam
578,bean
579,bear
580,beard
581,beast
582,beat
583,beau
584,beauty
585,beaux
586,bebop
587,becalm
588,beck
589,becker
590,becky
591,bed
592,bedim
593,bee
594,beebe
595,beech
596,beef
597,beefy
598,been
599,beep
600,beer
601,beet
602,befall
603,befit
604,befog
605,beg
606,began
607,beget
608,beggar
609,begin
610,begun
611,behind
612,beige
613,being
614,beirut
615,bel
616,bela
617,belch
618,belfry
619,belie
620,bell
621,bella
622,belle
623,belly
624,below
625,belt
626,bema
627,beman
628,bemoan
629,ben
630,bench
631,bend
632,bender
633,benny
634,bent
635,benz
636,berea
637,bereft
638,beret
639,berg
640,berlin
641,bern
642,berne
643,bernet
644,berra
645,berry
646,bert
647,berth
648,beryl
649,beset
650,bess
651,bessel
652,best
653,bestir
654,bet
655,beta
656,betel
657,beth
658,bethel
659,betsy
660,bette
661,betty
662,bevel
663,bevy
664,beware
665,bey
666,bezel
667,bf
668,bg
669,bh
670,bhoy
671,bi
672,bias
673,bib
674,bibb
675,bible
676,bicep
677,biceps
678,bid
679,biddy
680,bide
681,bien
682,big
683,biggs
684,bigot
685,bile
686,bilge
687,bilk
688,bill
689,billow
690,billy
691,bin
692,binary
693,bind
694,bing
695,binge
696,bingle
697,bini
698,biota
699,birch
700,bird
701,birdie
702,birth
703,bison
704,bisque
705,bit
706,bitch
707,bite
708,bitt
709,bitten
710,biz
711,bizet
712,bj
713,bk
714,bl
715,blab
716,black
717,blade
718,blair
719,blake
720,blame
721,blanc
722,bland
723,blank
724,blare
725,blast
726,blat
727,blatz
728,blaze
729,bleak
730,bleat
731,bled
732,bleed
733,blend
734,bless
735,blest
736,blew
737,blimp
738,blind
739,blink
740,blinn
741,blip
742,bliss
743,blithe
744,blitz
745,bloat
746,blob
747,bloc
748,bloch
749,block
750,bloke
751,blond
752,blonde
753,blood
754,bloom
755,bloop
756,blot
757,blotch
758,blow
759,blown
760,blue
761,bluet
762,bluff
763,blum
764,blunt
765,blur
766,blurt
767,blush
768,blvd
769,blythe
770,bm
771,bmw
772,bn
773,bo
774,boa
775,boar
776,board
777,boast
778,boat
779,bob
780,bobbin
781,bobby
782,bobcat
783,boca
784,bock
785,bode
786,body
787,bog
788,bogey
789,boggy
790,bogus
791,bogy
792,bohr
793,boil
794,bois
795,boise
796,bold
797,bole
798,bolo
799,bolt
800,bomb
801,bombay
802,bon
803,bona
804,bond
805,bone
806,bong
807,bongo
808,bonn
809,bonus
810,bony
811,bonze
812,boo
813,booby
814,boogie
815,book
816,booky
817,boom
818,boon
819,boone
820,boor
821,boost
822,boot
823,booth
824,booty
825,booze
826,bop
827,borax
828,border
829,bore
830,borg
831,boric
832,boris
833,born
834,borne
835,borneo
836,boron
837,bosch
838,bose
839,bosom
840,boson
841,boss
842,boston
843,botch
844,both
845,bottle
846,bough
847,bouncy
848,bound
849,bourn
850,bout
851,bovine
852,bow
853,bowel
854,bowen
855,bowie
856,bowl
857,box
858,boxy
859,boy
860,boyar
861,boyce
862,boyd
863,boyle
864,bp
865,bq
866,br
867,brace
868,bract
869,brad
870,brady
871,brae
872,brag
873,bragg
874,braid
875,brain
876,brainy
877,brake
878,bran
879,brand
880,brandt
881,brant
882,brash
883,brass
884,brassy
885,braun
886,brave
887,bravo
888,brawl
889,bray
890,bread
891,break
892,bream
893,breath
894,bred
895,breed
896,breeze
897,bremen
898,brent
899,brest
900,brett
901,breve
902,brew
903,brian
904,briar
905,bribe
906,brice
907,brick
908,bride
909,brief
910,brig
911,briggs
912,brim
913,brine
914,bring
915,brink
916,briny
917,brisk
918,broad
919,brock
920,broil
921,broke
922,broken
923,bronx
924,brood
925,brook
926,brooke
927,broom
928,broth
929,brow
930,brown
931,browse
932,bruce
933,bruit
934,brunch
935,bruno
936,brunt
937,brush
938,brute
939,bryan
940,bryant
941,bryce
942,bryn
943,bs
944,bstj
945,bt
946,btl
947,bu
948,bub
949,buck
950,bud
951,budd
952,buddy
953,budge
954,buena
955,buenos
956,buff
957,bug
958,buggy
959,bugle
960,buick
961,build
962,built
963,bulb
964,bulge
965,bulk
966,bulky
967,bull
968,bully
969,bum
970,bump
971,bun
972,bunch
973,bundy
974,bunk
975,bunny
976,bunt
977,bunyan
978,buoy
979,burch
980,bureau
981,buret
982,burg
983,buried
984,burke
985,burl
986,burly
987,burma
988,burn
989,burnt
990,burp
991,burr
992,burro
993,burst
994,burt
995,burton
996,burtt
997,bury
998,bus
999,busch
1000,bush
1001,bushel
1002,bushy
1003,buss
1004,bust
1005,busy
1006,but
1007,butane
1008,butch
1009,buteo
1010,butt
1011,butte
1012,butyl
1013,buxom
1014,buy
1015,buyer
1016,buzz
1017,buzzy
1018,bv
1019,bw
1020,bx
1021,by
1022,bye
1023,byers
1024,bylaw
1025,byline
1026,byrd
1027,byrne
1028,byron
1029,byte
1030,byway
1031,byword
1032,bz
1033,c
1034,c's
1035,ca
1036,cab
1037,cabal
1038,cabin
1039,cable
1040,cabot
1041,cacao
1042,cache
1043,cacm
1044,cacti
1045,caddy
1046,cadent
1047,cadet
1048,cadre
1049,cady
1050,cafe
1051,cage
1052,cagey
1053,cahill
1054,caiman
1055,cain
1056,caine
1057,cairn
1058,cairo
1059,cake
1060,cal
1061,calder
1062,caleb
1063,calf
1064,call
1065,calla
1066,callus
1067,calm
1068,calve
1069,cam
1070,camber
1071,came
1072,camel
1073,cameo
1074,camp
1075,can
1076,can't
1077,canal
1078,canary
1079,cancer
1080,candle
1081,candy
1082,cane
1083,canis
1084,canna
1085,cannot
1086,canny
1087,canoe
1088,canon
1089,canopy
1090,cant
1091,canto
1092,canton
1093,cap
1094,cape
1095,caper
1096,capo
1097,car
1098,carbon
1099,card
1100,care
1101,caress
1102,caret
1103,carey
1104,cargo
1105,carib
1106,carl
1107,carla
1108,carlo
1109,carne
1110,carob
1111,carol
1112,carp
1113,carpet
1114,carr
1115,carrie
1116,carry
1117,carson
1118,cart
1119,carte
1120,caruso
1121,carve
1122,case
1123,casey
1124,cash
1125,cashew
1126,cask
1127,casket
1128,cast
1129,caste
1130,cat
1131,catch
1132,cater
1133,cathy
1134,catkin
1135,catsup
1136,cauchy
1137,caulk
1138,cause
1139,cave
1140,cavern
1141,cavil
1142,cavort
1143,caw
1144,cayuga
1145,cb
1146,cbs
1147,cc
1148,ccc
1149,cccc
1150,cd
1151,cdc
1152,ce
1153,cease
1154,cecil
1155,cedar
1156,cede
1157,ceil
1158,celia
1159,cell
1160,census
1161,cent
1162,ceres
1163,cern
1164,cetera
1165,cetus
1166,cf
1167,cg
1168,ch
1169,chad
1170,chafe
1171,chaff
1172,chai
1173,chain
1174,chair
1175,chalk
1176,champ
1177,chance
1178,chang
1179,chant
1180,chao
1181,chaos
1182,chap
1183,chapel
1184,char
1185,chard
1186,charm
1187,chart
1188,chase
1189,chasm
1190,chaste
1191,chat
1192,chaw
1193,cheap
1194,cheat
1195,check
1196,cheek
1197,cheeky
1198,cheer
1199,chef
1200,chen
1201,chert
1202,cherub
1203,chess
1204,chest
1205,chevy
1206,chew
1207,chi
1208,chic
1209,chick
1210,chide
1211,chief
1212,child
1213,chile
1214,chili
1215,chill
1216,chilly
1217,chime
1218,chin
1219,china
1220,chine
1221,chink
1222,chip
1223,chirp
1224,chisel
1225,chit
1226,chive
1227,chock
1228,choir
1229,choke
1230,chomp
1231,chop
1232,chopin
1233,choral
1234,chord
1235,chore
1236,chose
1237,chosen
1238,chou
1239,chow
1240,chris
1241,chub
1242,chuck
1243,chuff
1244,chug
1245,chum
1246,chump
1247,chunk
1248,churn
1249,chute
1250,ci
1251,cia
1252,cicada
1253,cider
1254,cigar
1255,cilia
1256,cinch
1257,cindy
1258,cipher
1259,circa
1260,circe
1261,cite
1262,citrus
1263,city
1264,civet
1265,civic
1266,civil
1267,cj
1268,ck
1269,cl
1270,clad
1271,claim
1272,clam
1273,clammy
1274,clamp
1275,clan
1276,clang
1277,clank
1278,clap
1279,clara
1280,clare
1281,clark
1282,clarke
1283,clash
1284,clasp
1285,class
1286,claus
1287,clause
1288,claw
1289,clay
1290,clean
1291,clear
1292,cleat
1293,cleft
1294,clerk
1295,cliche
1296,click
1297,cliff
1298,climb
1299,clime
1300,cling
1301,clink
1302,clint
1303,clio
1304,clip
1305,clive
1306,cloak
1307,clock
1308,clod
1309,clog
1310,clomp
1311,clone
1312,close
1313,closet
1314,clot
1315,cloth
1316,cloud
1317,clout
1318,clove
1319,clown
1320,cloy
1321,club
1322,cluck
1323,clue
1324,cluj
1325,clump
1326,clumsy
1327,clung
1328,clyde
1329,cm
1330,cn
1331,co
1332,coach
1333,coal
1334,coast
1335,coat
1336,coax
1337,cobb
1338,cobble
1339,cobol
1340,cobra
1341,coca
1342,cock
1343,cockle
1344,cocky
1345,coco
1346,cocoa
1347,cod
1348,coda
1349,coddle
1350,code
1351,codon
1352,cody
1353,coed
1354,cog
1355,cogent
1356,cohen
1357,cohn
1358,coil
1359,coin
1360,coke
1361,col
1362,cola
1363,colby
1364,cold
1365,cole
1366,colon
1367,colony
1368,colt
1369,colza
1370,coma
1371,comb
1372,combat
1373,come
1374,comet
1375,cometh
1376,comic
1377,comma
1378,con
1379,conch
1380,cone
1381,coney
1382,congo
1383,conic
1384,conn
1385,conner
1386,conway
1387,cony
1388,coo
1389,cook
1390,cooke
1391,cooky
1392,cool
1393,cooley
1394,coon
1395,coop
1396,coors
1397,coot
1398,cop
1399,cope
1400,copra
1401,copy
1402,coral
1403,corbel
1404,cord
1405,core
1406,corey
1407,cork
1408,corn
1409,corny
1410,corp
1411,corps
1412,corvus
1413,cos
1414,cosec
1415,coset
1416,cosh
1417,cost
1418,costa
1419,cosy
1420,cot
1421,cotta
1422,cotty
1423,couch
1424,cough
1425,could
1426,count
1427,coup
1428,coupe
1429,court
1430,cousin
1431,cove
1432,coven
1433,cover
1434,covet
1435,cow
1436,cowan
1437,cowl
1438,cowman
1439,cowry
1440,cox
1441,coy
1442,coyote
1443,coypu
1444,cozen
1445,cozy
1446,cp
1447,cpa
1448,cq
1449,cr
1450,crab
1451,crack
1452,craft
1453,crag
1454,craig
1455,cram
1456,cramp
1457,crane
1458,crank
1459,crap
1460,crash
1461,crass
1462,crate
1463,crater
1464,crave
1465,craw
1466,crawl
1467,craze
1468,crazy
1469,creak
1470,cream
1471,credit
1472,credo
1473,creed
1474,creek
1475,creep
1476,creole
1477,creon
1478,crepe
1479,crept
1480,cress
1481,crest
1482,crete
1483,crew
1484,crib
1485,cried
1486,crime
1487,crimp
1488,crisp
1489,criss
1490,croak
1491,crock
1492,crocus
1493,croft
1494,croix
1495,crone
1496,crony
1497,crook
1498,croon
1499,crop
1500,cross
1501,crow
1502,crowd
1503,crown
1504,crt
1505,crud
1506,crude
1507,cruel
1508,crumb
1509,crump
1510,crush
1511,crust
1512,crux
1513,cruz
1514,cry
1515,crypt
1516,cs
1517,ct
1518,cu
1519,cub
1520,cuba
1521,cube
1522,cubic
1523,cud
1524,cuddle
1525,cue
1526,cuff
1527,cull
1528,culpa
1529,cult
1530,cumin
1531,cuny
1532,cup
1533,cupful
1534,cupid
1535,cur
1536,curb
1537,curd
1538,cure
1539,curfew
1540,curia
1541,curie
1542,curio
1543,curl
1544,curry
1545,curse
1546,curt
1547,curve
1548,cusp
1549,cut
1550,cute
1551,cutlet
1552,cv
1553,cw
1554,cx
1555,cy
1556,cycad
1557,cycle
1558,cynic
1559,cyril
1560,cyrus
1561,cyst
1562,cz
1563,czar
1564,czech
1565,d
1566,d'art
1567,d's
1568,da
1569,dab
1570,dacca
1571,dactyl
1572,dad
1573,dada
1574,daddy
1575,dade
1576,daffy
1577,dahl
1578,dahlia
1579,dairy
1580,dais
1581,daisy
1582,dakar
1583,dale
1584,daley
1585,dally
1586,daly
1587,dam
1588,dame
1589,damn
1590,damon
1591,damp
1592,damsel
1593,dan
1594,dana
1595,dance
1596,dandy
1597,dane
1598,dang
1599,dank
1600,danny
1601,dante
1602,dar
1603,dare
1604,dark
1605,darken
1606,darn
1607,darry
1608,dart
1609,dash
1610,data
1611,date
1612,dater
1613,datum
1614,daub
1615,daunt
1616,dave
1617,david
1618,davis
1619,davit
1620,davy
1621,dawn
1622,dawson
1623,day
1624,daze
1625,db
1626,dc
1627,dd
1628,ddd
1629,dddd
1630,de
1631,deacon
1632,dead
1633,deaf
1634,deal
1635,dealt
1636,dean
1637,deane
1638,dear
1639,death
1640,debar
1641,debby
1642,debit
1643,debra
1644,debris
1645,debt
1646,debug
1647,debut
1648,dec
1649,decal
1650,decay
1651,decca
1652,deck
1653,decker
1654,decor
1655,decree
1656,decry
1657,dee
1658,deed
1659,deem
1660,deep
1661,deer
1662,deere
1663,def
1664,defer
1665,deform
1666,deft
1667,defy
1668,degas
1669,degum
1670,deify
1671,deign
1672,deity
1673,deja
1674,del
1675,delay
1676,delft
1677,delhi
1678,delia
1679,dell
1680,della
1681,delta
1682,delve
1683,demark
1684,demit
1685,demon
1686,demur
1687,den
1688,deneb
1689,denial
1690,denny
1691,dense
1692,dent
1693,denton
1694,deny
1695,depot
1696,depth
1697,depute
1698,derby
1699,derek
1700,des
1701,desist
1702,desk
1703,detach
1704,deter
1705,deuce
1706,deus
1707,devil
1708,devoid
1709,devon
1710,dew
1711,dewar
1712,dewey
1713,dewy
1714,dey
1715,df
1716,dg
1717,dh
1718,dhabi
1719,di
1720,dial
1721,diana
1722,diane
1723,diary
1724,dibble
1725,dice
1726,dick
1727,dicta
1728,did
1729,dido
1730,die
1731,died
1732,diego
1733,diem
1734,diesel
1735,diet
1736,diety
1737,dietz
1738,dig
1739,digit
1740,dilate
1741,dill
1742,dim
1743,dime
1744,din
1745,dinah
1746,dine
1747,ding
1748,dingo
1749,dingy
1750,dint
1751,diode
1752,dip
1753,dirac
1754,dire
1755,dirge
1756,dirt
1757,dirty
1758,dis
1759,disc
1760,dish
1761,disk
1762,disney
1763,ditch
1764,ditto
1765,ditty
1766,diva
1767,divan
1768,dive
1769,dixie
1770,dixon
1771,dizzy
1772,dj
1773,dk
1774,dl
1775,dm
1776,dn
1777,dna
1778,do
1779,dobbs
1780,dobson
1781,dock
1782,docket
1783,dod
1784,dodd
1785,dodge
1786,dodo
1787,doe
1788,doff
1789,dog
1790,doge
1791,dogma
1792,dolan
1793,dolce
1794,dole
1795,doll
1796,dolly
1797,dolt
1798,dome
1799,don
1800,don't
1801,done
1802,doneck
1803,donna
1804,donor
1805,doom
1806,door
1807,dope
1808,dora
1809,doria
1810,doric
1811,doris
1812,dose
1813,dot
1814,dote
1815,double
1816,doubt
1817,douce
1818,doug
1819,dough
1820,dour
1821,douse
1822,dove
1823,dow
1824,dowel
1825,down
1826,downs
1827,dowry
1828,doyle
1829,doze
1830,dozen
1831,dp
1832,dq
1833,dr
1834,drab
1835,draco
1836,draft
1837,drag
1838,drain
1839,drake
1840,dram
1841,drama
1842,drank
1843,drape
1844,draw
1845,drawl
1846,drawn
1847,dread
1848,dream
1849,dreamy
1850,dreg
1851,dress
1852,dressy
1853,drew
1854,drib
1855,dried
1856,drier
1857,drift
1858,drill
1859,drink
1860,drip
1861,drive
1862,droll
1863,drone
1864,drool
1865,droop
1866,drop
1867,dross
1868,drove
1869,drown
1870,drub
1871,drug
1872,druid
1873,drum
1874,drunk
1875,drury
1876,dry
1877,dryad
1878,ds
1879,dt
1880,du
1881,dual
1882,duane
1883,dub
1884,dubhe
1885,dublin
1886,ducat
1887,duck
1888,duct
1889,dud
1890,due
1891,duel
1892,duet
1893,duff
1894,duffy
1895,dug
1896,dugan
1897,duke
1898,dull
1899,dully
1900,dulse
1901,duly
1902,duma
1903,dumb
1904,dummy
1905,dump
1906,dumpy
1907,dun
1908,dunce
1909,dune
1910,dung
1911,dunham
1912,dunk
1913,dunlop
1914,dunn
1915,dupe
1916,durer
1917,dusk
1918,dusky
1919,dust
1920,dusty
1921,dutch
1922,duty
1923,dv
1924,dw
1925,dwarf
1926,dwell
1927,dwelt
1928,dwight
1929,dwyer
1930,dx
1931,dy
1932,dyad
1933,dye
1934,dyer
1935,dying
1936,dyke
1937,dylan
1938,dyne
1939,dz
1940,e
1941,e'er
1942,e's
1943,ea
1944,each
1945,eagan
1946,eager
1947,eagle
1948,ear
1949,earl
1950,earn
1951,earth
1952,ease
1953,easel
1954,east
1955,easy
1956,eat
1957,eaten
1958,eater
1959,eaton
1960,eave
1961,eb
1962,ebb
1963,eben
1964,ebony
1965,ec
1966,echo
1967,eclat
1968,ecole
1969,ed
1970,eddie
1971,eddy
1972,eden
1973,edgar
1974,edge
1975,edgy
1976,edict
1977,edify
1978,edit
1979,edith
1980,editor
1981,edna
1982,edt
1983,edwin
1984,ee
1985,eee
1986,eeee
1987,eel
1988,eeoc
1989,eerie
1990,ef
1991,efface
1992,effie
1993,efg
1994,eft
1995,eg
1996,egan
1997,egg
1998,ego
1999,egress
2000,egret
2001,egypt
2002,eh
2003,ei
2004,eider
2005,eight
2006,eire
2007,ej
2008,eject
2009,ek
2010,eke
2011,el
2012,elan
2013,elate
2014,elba
2015,elbow
2016,elder
2017,eldon
2018,elect
2019,elegy
2020,elena
2021,eleven
2022,elfin
2023,elgin
2024,eli
2025,elide
2026,eliot
2027,elite
2028,elk
2029,ell
2030,ella
2031,ellen
2032,ellis
2033,elm
2034,elmer
2035,elope
2036,else
2037,elsie
2038,elton
2039,elude
2040,elute
2041,elves
2042,ely
2043,em
2044,embalm
2045,embark
2046,embed
2047,ember
2048,emcee
2049,emery
2050,emil
2051,emile
2052,emily
2053,emit
2054,emma
2055,emory
2056,empty
2057,en
2058,enact
2059,enamel
2060,end
2061,endow
2062,enemy
2063,eng
2064,engel
2065,engle
2066,engulf
2067,enid
2068,enjoy
2069,enmity
2070,enoch
2071,enol
2072,enos
2073,enrico
2074,ensue
2075,enter
2076,entrap
2077,entry
2078,envoy
2079,envy
2080,eo
2081,ep
2082,epa
2083,epic
2084,epoch
2085,epoxy
2086,epsom
2087,eq
2088,equal
2089,equip
2090,er
2091,era
2092,erase
2093,erato
2094,erda
2095,ere
2096,erect
2097,erg
2098,eric
2099,erich
2100,erie
2101,erik
2102,ernest
2103,ernie
2104,ernst
2105,erode
2106,eros
2107,err
2108,errand
2109,errol
2110,error
2111,erupt
2112,ervin
2113,erwin
2114,es
2115,essay
2116,essen
2117,essex
2118,est
2119,ester
2120,estes
2121,estop
2122,et
2123,eta
2124,etc
2125,etch
2126,ethan
2127,ethel
2128,ether
2129,ethic
2130,ethos
2131,ethyl
2132,etude
2133,eu
2134,eucre
2135,euler
2136,eureka
2137,ev
2138,eva
2139,evade
2140,evans
2141,eve
2142,even
2143,event
2144,every
2145,evict
2146,evil
2147,evoke
2148,evolve
2149,ew
2150,ewe
2151,ewing
2152,ex
2153,exact
2154,exalt
2155,exam
2156,excel
2157,excess
2158,exert
2159,exile
2160,exist
2161,exit
2162,exodus
2163,expel
2164,extant
2165,extent
2166,extol
2167,extra
2168,exude
2169,exult
2170,exxon
2171,ey
2172,eye
2173,eyed
2174,ez
2175,ezra
2176,f
2177,f's
2178,fa
2179,faa
2180,faber
2181,fable
2182,face
2183,facet
2184,facile
2185,fact
2186,facto
2187,fad
2188,fade
2189,faery
2190,fag
2191,fahey
2192,fail
2193,fain
2194,faint
2195,fair
2196,fairy
2197,faith
2198,fake
2199,fall
2200,false
2201,fame
2202,fan
2203,fancy
2204,fang
2205,fanny
2206,fanout
2207,far
2208,farad
2209,farce
2210,fare
2211,fargo
2212,farley
2213,farm
2214,faro
2215,fast
2216,fat
2217,fatal
2218,fate
2219,fatty
2220,fault
2221,faun
2222,fauna
2223,faust
2224,fawn
2225,fay
2226,faze
2227,fb
2228,fbi
2229,fc
2230,fcc
2231,fd
2232,fda
2233,fe
2234,fear
2235,feast
2236,feat
2237,feb
2238,fed
2239,fee
2240,feed
2241,feel
2242,feet
2243,feign
2244,feint
2245,felice
2246,felix
2247,fell
2248,felon
2249,felt
2250,femur
2251,fence
2252,fend
2253,fermi
2254,fern
2255,ferric
2256,ferry
2257,fest
2258,fetal
2259,fetch
2260,fete
2261,fetid
2262,fetus
2263,feud
2264,fever
2265,few
2266,ff
2267,fff
2268,ffff
2269,fg
2270,fgh
2271,fh
2272,fi
2273,fiat
2274,fib
2275,fibrin
2276,fiche
2277,fide
2278,fief
2279,field
2280,fiend
2281,fiery
2282,fife
2283,fifo
2284,fifth
2285,fifty
2286,fig
2287,fight
2288,filch
2289,file
2290,filet
2291,fill
2292,filler
2293,filly
2294,film
2295,filmy
2296,filth
2297,fin
2298,final
2299,finale
2300,finch
2301,find
2302,fine
2303,finite
2304,fink
2305,finn
2306,finny
2307,fir
2308,fire
2309,firm
2310,first
2311,fish
2312,fishy
2313,fisk
2314,fiske
2315,fist
2316,fit
2317,fitch
2318,five
2319,fix
2320,fj
2321,fjord
2322,fk
2323,fl
2324,flack
2325,flag
2326,flail
2327,flair
2328,flak
2329,flake
2330,flaky
2331,flam
2332,flame
2333,flank
2334,flap
2335,flare
2336,flash
2337,flask
2338,flat
2339,flatus
2340,flaw
2341,flax
2342,flea
2343,fleck
2344,fled
2345,flee
2346,fleet
2347,flesh
2348,flew
2349,flex
2350,flick
2351,flier
2352,flinch
2353,fling
2354,flint
2355,flip
2356,flirt
2357,flit
2358,flo
2359,float
2360,floc
2361,flock
2362,floe
2363,flog
2364,flood
2365,floor
2366,flop
2367,floppy
2368,flora
2369,flour
2370,flout
2371,flow
2372,flown
2373,floyd
2374,flu
2375,flub
2376,flue
2377,fluff
2378,fluid
2379,fluke
2380,flung
2381,flush
2382,flute
2383,flux
2384,fly
2385,flyer
2386,flynn
2387,fm
2388,fmc
2389,fn
2390,fo
2391,foal
2392,foam
2393,foamy
2394,fob
2395,focal
2396,foci
2397,focus
2398,fodder
2399,foe
2400,fog
2401,foggy
2402,fogy
2403,foil
2404,foist
2405,fold
2406,foley
2407,folio
2408,folk
2409,folly
2410,fond
2411,font
2412,food
2413,fool
2414,foot
2415,foote
2416,fop
2417,for
2418,foray
2419,force
2420,ford
2421,fore
2422,forge
2423,forgot
2424,fork
2425,form
2426,fort
2427,forte
2428,forth
2429,forty
2430,forum
2431,foss
2432,fossil
2433,foul
2434,found
2435,fount
2436,four
2437,fovea
2438,fowl
2439,fox
2440,foxy
2441,foyer
2442,fp
2443,fpc
2444,fq
2445,fr
2446,frail
2447,frame
2448,fran
2449,franc
2450,franca
2451,frank
2452,franz
2453,frau
2454,fraud
2455,fray
2456,freak
2457,fred
2458,free
2459,freed
2460,freer
2461,frenzy
2462,freon
2463,fresh
2464,fret
2465,freud
2466,frey
2467,freya
2468,friar
2469,frick
2470,fried
2471,frill
2472,frilly
2473,frisky
2474,fritz
2475,fro
2476,frock
2477,frog
2478,from
2479,front
2480,frost
2481,froth
2482,frown
2483,froze
2484,fruit
2485,fry
2486,frye
2487,fs
2488,ft
2489,ftc
2490,fu
2491,fuchs
2492,fudge
2493,fuel
2494,fugal
2495,fugue
2496,fuji
2497,full
2498,fully
2499,fum
2500,fume
2501,fun
2502,fund
2503,fungal
2504,fungi
2505,funk
2506,funny
2507,fur
2508,furl
2509,furry
2510,fury
2511,furze
2512,fuse
2513,fuss
2514,fussy
2515,fusty
2516,fuzz
2517,fuzzy
2518,fv
2519,fw
2520,fx
2521,fy
2522,fz
2523,g
2524,g's
2525,ga
2526,gab
2527,gable
2528,gabon
2529,gad
2530,gadget
2531,gaff
2532,gaffe
2533,gag
2534,gage
2535,gail
2536,gain
2537,gait
2538,gal
2539,gala
2540,galaxy
2541,gale
2542,galen
2543,gall
2544,gallop
2545,galt
2546,gam
2547,game
2548,gamin
2549,gamma
2550,gamut
2551,gander
2552,gang
2553,gao
2554,gap
2555,gape
2556,gar
2557,garb
2558,garish
2559,garner
2560,garry
2561,garth
2562,gary
2563,gas
2564,gash
2565,gasp
2566,gassy
2567,gate
2568,gates
2569,gator
2570,gauche
2571,gaudy
2572,gauge
2573,gaul
2574,gaunt
2575,gaur
2576,gauss
2577,gauze
2578,gave
2579,gavel
2580,gavin
2581,gawk
2582,gawky
2583,gay
2584,gaze
2585,gb
2586,gc
2587,gd
2588,ge
2589,gear
2590,gecko
2591,gee
2592,geese
2593,geigy
2594,gel
2595,geld
2596,gem
2597,gemma
2598,gene
2599,genie
2600,genii
2601,genoa
2602,genre
2603,gent
2604,gentry
2605,genus
2606,gerbil
2607,germ
2608,gerry
2609,get
2610,getty
2611,gf
2612,gg
2613,ggg
2614,gggg
2615,gh
2616,ghana
2617,ghent
2618,ghetto
2619,ghi
2620,ghost
2621,ghoul
2622,gi
2623,giant
2624,gibbs
2625,gibby
2626,gibe
2627,giddy
2628,gift
2629,gig
2630,gil
2631,gila
2632,gild
2633,giles
2634,gill
2635,gilt
2636,gimbal
2637,gimpy
2638,gin
2639,gina
2640,ginn
2641,gino
2642,gird
2643,girl
2644,girth
2645,gist
2646,give
2647,given
2648,gj
2649,gk
2650,gl
2651,glad
2652,gladdy
2653,glade
2654,glamor
2655,gland
2656,glans
2657,glare
2658,glass
2659,glaze
2660,gleam
2661,glean
2662,glee
2663,glen
2664,glenn
2665,glib
2666,glide
2667,glint
2668,gloat
2669,glob
2670,globe
2671,glom
2672,gloom
2673,glory
2674,gloss
2675,glove
2676,glow
2677,glue
2678,glued
2679,gluey
2680,gluing
2681,glum
2682,glut
2683,glyph
2684,gm
2685,gmt
2686,gn
2687,gnarl
2688,gnash
2689,gnat
2690,gnaw
2691,gnome
2692,gnp
2693,gnu
2694,go
2695,goa
2696,goad
2697,goal
2698,goat
2699,gob
2700,goer
2701,goes
2702,goff
2703,gog
2704,goggle
2705,gogh
2706,gogo
2707,gold
2708,golf
2709,golly
2710,gone
2711,gong
2712,goo
2713,good
2714,goode
2715,goody
2716,goof
2717,goofy
2718,goose
2719,gop
2720,gordon
2721,gore
2722,goren
2723,gorge
2724,gorky
2725,gorse
2726,gory
2727,gosh
2728,gospel
2729,got
2730,gouda
2731,gouge
2732,gould
2733,gourd
2734,gout
2735,gown
2736,gp
2737,gpo
2738,gq
2739,gr
2740,grab
2741,grace
2742,grad
2743,grade
2744,grady
2745,graff
2746,graft
2747,grail
2748,grain
2749,grand
2750,grant
2751,grape
2752,graph
2753,grasp
2754,grass
2755,grata
2756,grate
2757,grater
2758,grave
2759,gravy
2760,gray
2761,graze
2762,great
2763,grebe
2764,greed
2765,greedy
2766,greek
2767,green
2768,greer
2769,greet
2770,greg
2771,gregg
2772,greta
2773,grew
2774,grey
2775,grid
2776,grief
2777,grieve
2778,grill
2779,grim
2780,grime
2781,grimm
2782,grin
2783,grind
2784,grip
2785,gripe
2786,grist
2787,grit
2788,groan
2789,groat
2790,groin
2791,groom
2792,grope
2793,gross
2794,groton
2795,group
2796,grout
2797,grove
2798,grow
2799,growl
2800,grown
2801,grub
2802,gruff
2803,grunt
2804,gs
2805,gsa
2806,gt
2807,gu
2808,guam
2809,guano
2810,guard
2811,guess
2812,guest
2813,guide
2814,guild
2815,guile
2816,guilt
2817,guise
2818,guitar
2819,gules
2820,gulf
2821,gull
2822,gully
2823,gulp
2824,gum
2825,gumbo
2826,gummy
2827,gun
2828,gunk
2829,gunky
2830,gunny
2831,gurgle
2832,guru
2833,gus
2834,gush
2835,gust
2836,gusto
2837,gusty
2838,gut
2839,gutsy
2840,guy
2841,guyana
2842,gv
2843,gw
2844,gwen
2845,gwyn
2846,gx
2847,gy
2848,gym
2849,gyp
2850,gypsy
2851,gyro
2852,gz
2853,h
2854,h's
2855,ha
2856,haag
2857,haas
2858,habib
2859,habit
2860,hack
2861,had
2862,hades
2863,hadron
2864,hagen
2865,hager
2866,hague
2867,hahn
2868,haifa
2869,haiku
2870,hail
2871,hair
2872,hairy
2873,haiti
2874,hal
2875,hale
2876,haley
2877,half
2878,hall
2879,halma
2880,halo
2881,halt
2882,halvah
2883,halve
2884,ham
2885,hamal
2886,hamlin
2887,han
2888,hand
2889,handy
2890,haney
2891,hang
2892,hank
2893,hanna
2894,hanoi
2895,hans
2896,hansel
2897,hap
2898,happy
2899,hard
2900,hardy
2901,hare
2902,harem
2903,hark
2904,harley
2905,harm
2906,harp
2907,harpy
2908,harry
2909,harsh
2910,hart
2911,harvey
2912,hash
2913,hasp
2914,hast
2915,haste
2916,hasty
2917,hat
2918,hatch
2919,hate
2920,hater
2921,hath
2922,hatred
2923,haul
2924,haunt
2925,have
2926,haven
2927,havoc
2928,haw
2929,hawk
2930,hay
2931,haydn
2932,hayes
2933,hays
2934,hazard
2935,haze
2936,hazel
2937,hazy
2938,hb
2939,hc
2940,hd
2941,he
2942,he'd
2943,he'll
2944,head
2945,heady
2946,heal
2947,healy
2948,heap
2949,hear
2950,heard
2951,heart
2952,heat
2953,heath
2954,heave
2955,heavy
2956,hebe
2957,hebrew
2958,heck
2959,heckle
2960,hedge
2961,heed
2962,heel
2963,heft
2964,hefty
2965,heigh
2966,heine
2967,heinz
2968,heir
2969,held
2970,helen
2971,helga
2972,helix
2973,hell
2974,hello
2975,helm
2976,helmut
2977,help
2978,hem
2979,hemp
2980,hen
2981,hence
2982,henri
2983,henry
2984,her
2985,hera
2986,herb
2987,herd
2988,here
2989,hero
2990,heroic
2991,heron
2992,herr
2993,hertz
2994,hess
2995,hesse
2996,hettie
2997,hetty
2998,hew
2999,hewitt
3000,hewn
3001,hex
3002,hey
3003,hf
3004,hg
3005,hh
3006,hhh
3007,hhhh
3008,hi
3009,hiatt
3010,hick
3011,hicks
3012,hid
3013,hide
3014,high
3015,hij
3016,hike
3017,hill
3018,hilly
3019,hilt
3020,hilum
3021,him
3022,hind
3023,hindu
3024,hines
3025,hinge
3026,hint
3027,hip
3028,hippo
3029,hippy
3030,hiram
3031,hire
3032,hirsch
3033,his
3034,hiss
3035,hit
3036,hitch
3037,hive
3038,hj
3039,hk
3040,hl
3041,hm
3042,hn
3043,ho
3044,hoagy
3045,hoar
3046,hoard
3047,hob
3048,hobbs
3049,hobby
3050,hobo
3051,hoc
3052,hock
3053,hodge
3054,hodges
3055,hoe
3056,hoff
3057,hog
3058,hogan
3059,hoi
3060,hokan
3061,hold
3062,holdup
3063,hole
3064,holly
3065,holm
3066,holst
3067,holt
3068,home
3069,homo
3070,honda
3071,hondo
3072,hone
3073,honey
3074,hong
3075,honk
3076,hooch
3077,hood
3078,hoof
3079,hook
3080,hookup
3081,hoop
3082,hoot
3083,hop
3084,hope
3085,horde
3086,horn
3087,horny
3088,horse
3089,horus
3090,hose
3091,host
3092,hot
3093,hotbox
3094,hotel
3095,hough
3096,hound
3097,hour
3098,house
3099,hove
3100,hovel
3101,hover
3102,how
3103,howdy
3104,howe
3105,howl
3106,hoy
3107,hoyt
3108,hp
3109,hq
3110,hr
3111,hs
3112,ht
3113,hu
3114,hub
3115,hubbub
3116,hubby
3117,huber
3118,huck
3119,hue
3120,hued
3121,huff
3122,hug
3123,huge
3124,hugh
3125,hughes
3126,hugo
3127,huh
3128,hulk
3129,hull
3130,hum
3131,human
3132,humid
3133,hump
3134,humus
3135,hun
3136,hunch
3137,hung
3138,hunk
3139,hunt
3140,hurd
3141,hurl
3142,huron
3143,hurrah
3144,hurry
3145,hurst
3146,hurt
3147,hurty
3148,hush
3149,husky
3150,hut
3151,hutch
3152,hv
3153,hw
3154,hx
3155,hy
3156,hyde
3157,hydra
3158,hydro
3159,hyena
3160,hying
3161,hyman
3162,hymen
3163,hymn
3164,hymnal
3165,hz
3166,i
3167,i'd
3168,i'll
3169,i'm
3170,i's
3171,i've
3172,ia
3173,iambic
3174,ian
3175,ib
3176,ibex
3177,ibid
3178,ibis
3179,ibm
3180,ibn
3181,ic
3182,icc
3183,ice
3184,icing
3185,icky
3186,icon
3187,icy
3188,id
3189,ida
3190,idaho
3191,idea
3192,ideal
3193,idiom
3194,idiot
3195,idle
3196,idol
3197,idyll
3198,ie
3199,ieee
3200,if
3201,iffy
3202,ifni
3203,ig
3204,igloo
3205,igor
3206,ih
3207,ii
3208,iii
3209,iiii
3210,ij
3211,ijk
3212,ik
3213,ike
3214,il
3215,ileum
3216,iliac
3217,iliad
3218,ill
3219,illume
3220,ilona
3221,im
3222,image
3223,imbue
3224,imp
3225,impel
3226,import
3227,impute
3228,in
3229,inane
3230,inapt
3231,inc
3232,inca
3233,incest
3234,inch
3235,incur
3236,index
3237,india
3238,indies
3239,indy
3240,inept
3241,inert
3242,infect
3243,infer
3244,infima
3245,infix
3246,infra
3247,ingot
3248,inhere
3249,injun
3250,ink
3251,inlay
3252,inlet
3253,inman
3254,inn
3255,inner
3256,input
3257,insect
3258,inset
3259,insult
3260,intend
3261,inter
3262,into
3263,inure
3264,invoke
3265,io
3266,ion
3267,ionic
3268,iota
3269,iowa
3270,ip
3271,ipso
3272,iq
3273,ir
3274,ira
3275,iran
3276,iraq
3277,irate
3278,ire
3279,irene
3280,iris
3281,irish
3282,irk
3283,irma
3284,iron
3285,irony
3286,irs
3287,irvin
3288,irwin
3289,is
3290,isaac
3291,isabel
3292,ising
3293,isis
3294,islam
3295,island
3296,isle
3297,isn't
3298,israel
3299,issue
3300,it
3301,it&t
3302,it'd
3303,it'll
3304,italy
3305,itch
3306,item
3307,ito
3308,itt
3309,iu
3310,iv
3311,ivan
3312,ive
3313,ivory
3314,ivy
3315,iw
3316,ix
3317,iy
3318,iz
3319,j
3320,j's
3321,ja
3322,jab
3323,jack
3324,jacky
3325,jacm
3326,jacob
3327,jacobi
3328,jade
3329,jag
3330,jail
3331,jaime
3332,jake
3333,jam
3334,james
3335,jan
3336,jane
3337,janet
3338,janos
3339,janus
3340,japan
3341,jar
3342,jason
3343,java
3344,jaw
3345,jay
3346,jazz
3347,jazzy
3348,jb
3349,jc
3350,jd
3351,je
3352,jean
3353,jed
3354,jeep
3355,jeff
3356,jejune
3357,jelly
3358,jenny
3359,jeres
3360,jerk
3361,jerky
3362,jerry
3363,jersey
3364,jess
3365,jesse
3366,jest
3367,jesus
3368,jet
3369,jew
3370,jewel
3371,jewett
3372,jewish
3373,jf
3374,jg
3375,jh
3376,ji
3377,jibe
3378,jiffy
3379,jig
3380,jill
3381,jilt
3382,jim
3383,jimmy
3384,jinx
3385,jive
3386,jj
3387,jjj
3388,jjjj
3389,jk
3390,jkl
3391,jl
3392,jm
3393,jn
3394,jo
3395,joan
3396,job
3397,jock
3398,jockey
3399,joe
3400,joel
3401,joey
3402,jog
3403,john
3404,johns
3405,join
3406,joint
3407,joke
3408,jolla
3409,jolly
3410,jolt
3411,jon
3412,jonas
3413,jones
3414,jorge
3415,jose
3416,josef
3417,joshua
3418,joss
3419,jostle
3420,jot
3421,joule
3422,joust
3423,jove
3424,jowl
3425,jowly
3426,joy
3427,joyce
3428,jp
3429,jq
3430,jr
3431,js
3432,jt
3433,ju
3434,juan
3435,judas
3436,judd
3437,jude
3438,judge
3439,judo
3440,judy
3441,jug
3442,juggle
3443,juice
3444,juicy
3445,juju
3446,juke
3447,jukes
3448,julep
3449,jules
3450,julia
3451,julie
3452,julio
3453,july
3454,jumbo
3455,jump
3456,jumpy
3457,junco
3458,june
3459,junk
3460,junky
3461,juno
3462,junta
3463,jura
3464,jure
3465,juror
3466,jury
3467,just
3468,jut
3469,jute
3470,jv
3471,jw
3472,jx
3473,jy
3474,jz
3475,k
3476,k's
3477,ka
3478,kabul
3479,kafka
3480,kahn
3481,kajar
3482,kale
3483,kalmia
3484,kane
3485,kant
3486,kapok
3487,kappa
3488,karate
3489,karen
3490,karl
3491,karma
3492,karol
3493,karp
3494,kate
3495,kathy
3496,katie
3497,katz
3498,kava
3499,kay
3500,kayo
3501,kazoo
3502,kb
3503,kc
3504,kd
3505,ke
3506,keats
3507,keel
3508,keen
3509,keep
3510,keg
3511,keith
3512,keller
3513,kelly
3514,kelp
3515,kemp
3516,ken
3517,keno
3518,kent
3519,kenya
3520,kepler
3521,kept
3522,kern
3523,kerr
3524,kerry
3525,ketch
3526,kevin
3527,key
3528,keyed
3529,keyes
3530,keys
3531,kf
3532,kg
3533,kh
3534,khaki
3535,khan
3536,khmer
3537,ki
3538,kick
3539,kid
3540,kidde
3541,kidney
3542,kiev
3543,kigali
3544,kill
3545,kim
3546,kin
3547,kind
3548,king
3549,kink
3550,kinky
3551,kiosk
3552,kiowa
3553,kirby
3554,kirk
3555,kirov
3556,kiss
3557,kit
3558,kite
3559,kitty
3560,kiva
3561,kivu
3562,kiwi
3563,kj
3564,kk
3565,kkk
3566,kkkk
3567,kl
3568,klan
3569,klaus
3570,klein
3571,kline
3572,klm
3573,klux
3574,km
3575,kn
3576,knack
3577,knapp
3578,knauer
3579,knead
3580,knee
3581,kneel
3582,knelt
3583,knew
3584,knick
3585,knife
3586,knit
3587,knob
3588,knock
3589,knoll
3590,knot
3591,knott
3592,know
3593,known
3594,knox
3595,knurl
3596,ko
3597,koala
3598,koch
3599,kodak
3600,kola
3601,kombu
3602,kong
3603,koran
3604,korea
3605,kp
3606,kq
3607,kr
3608,kraft
3609,krause
3610,kraut
3611,krebs
3612,kruse
3613,ks
3614,kt
3615,ku
3616,kudo
3617,kudzu
3618,kuhn
3619,kulak
3620,kurd
3621,kurt
3622,kv
3623,kw
3624,kx
3625,ky
3626,kyle
3627,kyoto
3628,kz
3629,l
3630,l's
3631,la
3632,lab
3633,laban
3634,label
3635,labia
3636,labile
3637,lac
3638,lace
3639,lack
3640,lacy
3641,lad
3642,laden
3643,ladle
3644,lady
3645,lag
3646,lager
3647,lagoon
3648,lagos
3649,laid
3650,lain
3651,lair
3652,laity
3653,lake
3654,lam
3655,lamar
3656,lamb
3657,lame
3658,lamp
3659,lana
3660,lance
3661,land
3662,lane
3663,lang
3664,lange
3665,lanka
3666,lanky
3667,lao
3668,laos
3669,lap
3670,lapel
3671,lapse
3672,larch
3673,lard
3674,lares
3675,large
3676,lark
3677,larkin
3678,larry
3679,lars
3680,larva
3681,lase
3682,lash
3683,lass
3684,lasso
3685,last
3686,latch
3687,late
3688,later
3689,latest
3690,latex
3691,lath
3692,lathe
3693,latin
3694,latus
3695,laud
3696,laue
3697,laugh
3698,launch
3699,laura
3700,lava
3701,law
3702,lawn
3703,lawson
3704,lax
3705,lay
3706,layup
3707,laze
3708,lazy
3709,lb
3710,lc
3711,ld
3712,le
3713,lea
3714,leach
3715,lead
3716,leaf
3717,leafy
3718,leak
3719,leaky
3720,lean
3721,leap
3722,leapt
3723,lear
3724,learn
3725,lease
3726,leash
3727,least
3728,leave
3729,led
3730,ledge
3731,lee
3732,leech
3733,leeds
3734,leek
3735,leer
3736,leery
3737,leeway
3738,left
3739,lefty
3740,leg
3741,legal
3742,leggy
3743,legion
3744,leigh
3745,leila
3746,leland
3747,lemma
3748,lemon
3749,len
3750,lena
3751,lend
3752,lenin
3753,lenny
3754,lens
3755,lent
3756,leo
3757,leon
3758,leona
3759,leone
3760,leper
3761,leroy
3762,less
3763,lessee
3764,lest
3765,let
3766,lethe
3767,lev
3768,levee
3769,level
3770,lever
3771,levi
3772,levin
3773,levis
3774,levy
3775,lew
3776,lewd
3777,lewis
3778,leyden
3779,lf
3780,lg
3781,lh
3782,li
3783,liar
3784,libel
3785,libido
3786,libya
3787,lice
3788,lick
3789,lid
3790,lie
3791,lied
3792,lien
3793,lieu
3794,life
3795,lifo
3796,lift
3797,light
3798,like
3799,liken
3800,lila
3801,lilac
3802,lilly
3803,lilt
3804,lily
3805,lima
3806,limb
3807,limbo
3808,lime
3809,limit
3810,limp
3811,lin
3812,lind
3813,linda
3814,linden
3815,line
3816,linen
3817,lingo
3818,link
3819,lint
3820,linus
3821,lion
3822,lip
3823,lipid
3824,lisa
3825,lise
3826,lisle
3827,lisp
3828,list
3829,listen
3830,lit
3831,lithe
3832,litton
3833,live
3834,liven
3835,livid
3836,livre
3837,liz
3838,lizzie
3839,lj
3840,lk
3841,ll
3842,lll
3843,llll
3844,lloyd
3845,lm
3846,lmn
3847,ln
3848,lo
3849,load
3850,loaf
3851,loam
3852,loamy
3853,loan
3854,loath
3855,lob
3856,lobar
3857,lobby
3858,lobe
3859,lobo
3860,local
3861,loci
3862,lock
3863,locke
3864,locus
3865,lodge
3866,loeb
3867,loess
3868,loft
3869,lofty
3870,log
3871,logan
3872,loge
3873,logic
3874,loin
3875,loire
3876,lois
3877,loiter
3878,loki
3879,lola
3880,loll
3881,lolly
3882,lomb
3883,lome
3884,lone
3885,long
3886,look
3887,loom
3888,loon
3889,loop
3890,loose
3891,loot
3892,lop
3893,lope
3894,lopez
3895,lord
3896,lore
3897,loren
3898,los
3899,lose
3900,loss
3901,lossy
3902,lost
3903,lot
3904,lotte
3905,lotus
3906,lou
3907,loud
3908,louis
3909,louise
3910,louse
3911,lousy
3912,louver
3913,love
3914,low
3915,lowe
3916,lower
3917,lowry
3918,loy
3919,loyal
3920,lp
3921,lq
3922,lr
3923,ls
3924,lsi
3925,lt
3926,ltv
3927,lu
3928,lucas
3929,lucia
3930,lucid
3931,luck
3932,lucky
3933,lucre
3934,lucy
3935,lug
3936,luge
3937,luger
3938,luis
3939,luke
3940,lull
3941,lulu
3942,lumbar
3943,lumen
3944,lump
3945,lumpy
3946,lunar
3947,lunch
3948,lund
3949,lung
3950,lunge
3951,lura
3952,lurch
3953,lure
3954,lurid
3955,lurk
3956,lush
3957,lust
3958,lusty
3959,lute
3960,lutz
3961,lux
3962,luxe
3963,luzon
3964,lv
3965,lw
3966,lx
3967,ly
3968,lydia
3969,lye
3970,lying
3971,lykes
3972,lyle
3973,lyman
3974,lymph
3975,lynch
3976,lynn
3977,lynx
3978,lyon
3979,lyons
3980,lyra
3981,lyric
3982,lz
3983,m
3984,m&m
3985,m's
3986,ma
3987,mabel
3988,mac
3989,mace
3990,mach
3991,macho
3992,mack
3993,mackey
3994,macon
3995,macro
3996,mad
3997,madam
3998,made
3999,madman
4000,madsen
4001,mae
4002,magi
4003,magic
4004,magma
4005,magna
4006,magog
4007,maid
4008,maier
4009,mail
4010,maim
4011,main
4012,maine
4013,major
4014,make
4015,malady
4016,malay
4017,male
4018,mali
4019,mall
4020,malt
4021,malta
4022,mambo
4023,mamma
4024,mammal
4025,man
4026,mana
4027,manama
4028,mane
4029,mange
4030,mania
4031,manic
4032,mann
4033,manna
4034,manor
4035,mans
4036,manse
4037,mantle
4038,many
4039,mao
4040,maori
4041,map
4042,maple
4043,mar
4044,marc
4045,march
4046,marco
4047,marcy
4048,mardi
4049,mare
4050,margo
4051,maria
4052,marie
4053,marin
4054,marine
4055,mario
4056,mark
4057,marks
4058,marlin
4059,marrow
4060,marry
4061,mars
4062,marsh
4063,mart
4064,marty
4065,marx
4066,mary
4067,maser
4068,mash
4069,mask
4070,mason
4071,masque
4072,mass
4073,mast
4074,mat
4075,match
4076,mate
4077,mateo
4078,mater
4079,math
4080,matte
4081,maul
4082,mauve
4083,mavis
4084,maw
4085,mawr
4086,max
4087,maxim
4088,maxima
4089,may
4090,maya
4091,maybe
4092,mayer
4093,mayhem
4094,mayo
4095,mayor
4096,mayst
4097,mazda
4098,maze
4099,mb
4100,mba
4101,mc
4102,mccoy
4103,mcgee
4104,mckay
4105,mckee
4106,mcleod
4107,md
4108,me
4109,mead
4110,meal
4111,mealy
4112,mean
4113,meant
4114,meat
4115,meaty
4116,mecca
4117,mecum
4118,medal
4119,medea
4120,media
4121,medic
4122,medley
4123,meek
4124,meet
4125,meg
4126,mega
4127,meier
4128,meir
4129,mel
4130,meld
4131,melee
4132,mellow
4133,melon
4134,melt
4135,memo
4136,memoir
4137,men
4138,mend
4139,menlo
4140,menu
4141,merck
4142,mercy
4143,mere
4144,merge
4145,merit
4146,merle
4147,merry
4148,mesa
4149,mescal
4150,mesh
4151,meson
4152,mess
4153,messy
4154,met
4155,metal
4156,mete
4157,meter
4158,metro
4159,mew
4160,meyer
4161,meyers
4162,mezzo
4163,mf
4164,mg
4165,mh
4166,mi
4167,miami
4168,mica
4169,mice
4170,mickey
4171,micky
4172,micro
4173,mid
4174,midas
4175,midge
4176,midst
4177,mien
4178,miff
4179,mig
4180,might
4181,mike
4182,mila
4183,milan
4184,milch
4185,mild
4186,mildew
4187,mile
4188,miles
4189,milk
4190,milky
4191,mill
4192,mills
4193,milt
4194,mimi
4195,mimic
4196,mince
4197,mind
4198,mine
4199,mini
4200,minim
4201,mink
4202,minnow
4203,minor
4204,minos
4205,minot
4206,minsk
4207,mint
4208,minus
4209,mira
4210,mirage
4211,mire
4212,mirth
4213,miser
4214,misery
4215,miss
4216,missy
4217,mist
4218,misty
4219,mit
4220,mite
4221,mitre
4222,mitt
4223,mix
4224,mixup
4225,mizar
4226,mj
4227,mk
4228,ml
4229,mm
4230,mmm
4231,mmmm
4232,mn
4233,mno
4234,mo
4235,moan
4236,moat
4237,mob
4238,mobil
4239,mock
4240,modal
4241,mode
4242,model
4243,modem
4244,modish
4245,moe
4246,moen
4247,mohr
4248,moire
4249,moist
4250,molal
4251,molar
4252,mold
4253,mole
4254,moll
4255,mollie
4256,molly
4257,molt
4258,molten
4259,mommy
4260,mona
4261,monad
4262,mondo
4263,monel
4264,money
4265,monic
4266,monk
4267,mont
4268,monte
4269,month
4270,monty
4271,moo
4272,mood
4273,moody
4274,moon
4275,moor
4276,moore
4277,moose
4278,moot
4279,mop
4280,moral
4281,morale
4282,moran
4283,more
4284,morel
4285,morn
4286,moron
4287,morse
4288,morsel
4289,mort
4290,mosaic
4291,moser
4292,moses
4293,moss
4294,mossy
4295,most
4296,mot
4297,motel
4298,motet
4299,moth
4300,mother
4301,motif
4302,motor
4303,motto
4304,mould
4305,mound
4306,mount
4307,mourn
4308,mouse
4309,mousy
4310,mouth
4311,move
4312,movie
4313,mow
4314,moyer
4315,mp
4316,mph
4317,mq
4318,mr
4319,mrs
4320,ms
4321,mt
4322,mu
4323,much
4324,muck
4325,mucus
4326,mud
4327,mudd
4328,muddy
4329,muff
4330,muffin
4331,mug
4332,muggy
4333,mugho
4334,muir
4335,mulch
4336,mulct
4337,mule
4338,mull
4339,multi
4340,mum
4341,mummy
4342,munch
4343,mung
4344,munson
4345,muon
4346,muong
4347,mural
4348,muriel
4349,murk
4350,murky
4351,murre
4352,muse
4353,mush
4354,mushy
4355,music
4356,musk
4357,muslim
4358,must
4359,musty
4360,mute
4361,mutt
4362,muzak
4363,muzo
4364,mv
4365,mw
4366,mx
4367,my
4368,myel
4369,myers
4370,mylar
4371,mynah
4372,myopia
4373,myra
4374,myron
4375,myrrh
4376,myself
4377,myth
4378,mz
4379,n
4380,n's
4381,na
4382,naacp
4383,nab
4384,nadir
4385,nag
4386,nagoya
4387,nagy
4388,naiad
4389,nail
4390,nair
4391,naive
4392,naked
4393,name
4394,
4395,nancy
4396,naomi
4397,nap
4398,nary
4399,nasa
4400,nasal
4401,nash
4402,nasty
4403,nat
4404,natal
4405,nate
4406,nato
4407,natty
4408,nature
4409,naval
4410,nave
4411,navel
4412,navy
4413,nay
4414,nazi
4415,nb
4416,nbc
4417,nbs
4418,nc
4419,ncaa
4420,ncr
4421,nd
4422,ne
4423,neal
4424,near
4425,neat
4426,neath
4427,neck
4428,ned
4429,nee
4430,need
4431,needy
4432,neff
4433,negate
4434,negro
4435,nehru
4436,neil
4437,nell
4438,nelsen
4439,neon
4440,nepal
4441,nero
4442,nerve
4443,ness
4444,nest
4445,net
4446,neuron
4447,neva
4448,neve
4449,new
4450,newel
4451,newt
4452,next
4453,nf
4454,ng
4455,nh
4456,ni
4457,nib
4458,nibs
4459,nice
4460,nicety
4461,niche
4462,nick
4463,niece
4464,niger
4465,nigh
4466,night
4467,nih
4468,nikko
4469,nil
4470,nile
4471,nimbus
4472,nimh
4473,nina
4474,nine
4475,ninth
4476,niobe
4477,nip
4478,nit
4479,nitric
4480,nitty
4481,nixon
4482,nj
4483,nk
4484,nl
4485,nm
4486,nn
4487,nnn
4488,nnnn
4489,no
4490,noaa
4491,noah
4492,nob
4493,nobel
4494,noble
4495,nod
4496,nodal
4497,node
4498,noel
4499,noise
4500,noisy
4501,nolan
4502,noll
4503,nolo
4504,nomad
4505,non
4506,nonce
4507,none
4508,nook
4509,noon
4510,noose
4511,nop
4512,nor
4513,nora
4514,norm
4515,norma
4516,north
4517,norway
4518,nose
4519,not
4520,notch
4521,note
4522,notre
4523,noun
4524,nov
4525,nova
4526,novak
4527,novel
4528,novo
4529,now
4530,np
4531,nq
4532,nr
4533,nrc
4534,ns
4535,nsf
4536,nt
4537,ntis
4538,nu
4539,nuance
4540,nubia
4541,nuclei
4542,nude
4543,nudge
4544,null
4545,numb
4546,nun
4547,nurse
4548,nut
4549,nv
4550,nw
4551,nx
4552,ny
4553,nyc
4554,nylon
4555,nymph
4556,nyu
4557,nz
4558,o
4559,o'er
4560,o's
4561,oa
4562,oaf
4563,oak
4564,oaken
4565,oakley
4566,oar
4567,oases
4568,oasis
4569,oat
4570,oath
4571,ob
4572,obese
4573,obey
4574,objet
4575,oboe
4576,oc
4577,occur
4578,ocean
4579,oct
4580,octal
4581,octave
4582,octet
4583,od
4584,odd
4585,ode
4586,odin
4587,odium
4588,oe
4589,of
4590,off
4591,offal
4592,offend
4593,offer
4594,oft
4595,often
4596,og
4597,ogden
4598,ogle
4599,ogre
4600,oh
4601,ohio
4602,ohm
4603,ohmic
4604,oi
4605,oil
4606,oily
4607,oint
4608,oj
4609,ok
4610,okay
4611,ol
4612,olaf
4613,olav
4614,old
4615,olden
4616,oldy
4617,olga
4618,olin
4619,olive
4620,olsen
4621,olson
4622,om
4623,omaha
4624,oman
4625,omega
4626,omen
4627,omit
4628,on
4629,once
4630,one
4631,onion
4632,only
4633,onset
4634,onto
4635,onus
4636,onward
4637,onyx
4638,oo
4639,ooo
4640,oooo
4641,ooze
4642,op
4643,opal
4644,opec
4645,opel
4646,open
4647,opera
4648,opium
4649,opt
4650,optic
4651,opus
4652,oq
4653,or
4654,oral
4655,orate
4656,orb
4657,orbit
4658,orchid
4659,ordain
4660,order
4661,ore
4662,organ
4663,orgy
4664,orin
4665,orion
4666,ornery
4667,orono
4668,orr
4669,os
4670,osaka
4671,oscar
4672,osier
4673,oslo
4674,ot
4675,other
4676,otis
4677,ott
4678,otter
4679,otto
4680,ou
4681,ouch
4682,ought
4683,ounce
4684,our
4685,oust
4686,out
4687,ouvre
4688,ouzel
4689,ouzo
4690,ov
4691,ova
4692,oval
4693,ovary
4694,ovate
4695,oven
4696,over
4697,overt
4698,ovid
4699,ow
4700,owe
4701,owens
4702,owing
4703,owl
4704,owly
4705,own
4706,ox
4707,oxen
4708,oxeye
4709,oxide
4710,oxnard
4711,oy
4712,oz
4713,ozark
4714,ozone
4715,p
4716,p's
4717,pa
4718,pablo
4719,pabst
4720,pace
4721,pack
4722,packet
4723,pact
4724,pad
4725,paddy
4726,padre
4727,paean
4728,pagan
4729,page
4730,paid
4731,pail
4732,pain
4733,paine
4734,paint
4735,pair
4736,pal
4737,pale
4738,pall
4739,palm
4740,palo
4741,palsy
4742,pam
4743,pampa
4744,pan
4745,panama
4746,panda
4747,pane
4748,panel
4749,pang
4750,panic
4751,pansy
4752,pant
4753,panty
4754,paoli
4755,pap
4756,papa
4757,papal
4758,papaw
4759,paper
4760,pappy
4761,papua
4762,par
4763,parch
4764,pardon
4765,pare
4766,pareto
4767,paris
4768,park
4769,parke
4770,parks
4771,parr
4772,parry
4773,parse
4774,part
4775,party
4776,pascal
4777,pasha
4778,paso
4779,pass
4780,passe
4781,past
4782,paste
4783,pasty
4784,pat
4785,patch
4786,pate
4787,pater
4788,path
4789,patio
4790,patsy
4791,patti
4792,patton
4793,patty
4794,paul
4795,paula
4796,pauli
4797,paulo
4798,pause
4799,pave
4800,paw
4801,pawn
4802,pax
4803,pay
4804,payday
4805,payne
4806,paz
4807,pb
4808,pbs
4809,pc
4810,pd
4811,pe
4812,pea
4813,peace
4814,peach
4815,peak
4816,peaky
4817,peal
4818,peale
4819,pear
4820,pearl
4821,pease
4822,peat
4823,pebble
4824,pecan
4825,peck
4826,pecos
4827,pedal
4828,pedro
4829,pee
4830,peed
4831,peek
4832,peel
4833,peep
4834,peepy
4835,peer
4836,peg
4837,peggy
4838,pelt
4839,pen
4840,penal
4841,pence
4842,pencil
4843,pend
4844,penh
4845,penn
4846,penna
4847,penny
4848,pent
4849,peony
4850,pep
4851,peppy
4852,pepsi
4853,per
4854,perch
4855,percy
4856,perez
4857,peril
4858,perk
4859,perky
4860,perle
4861,perry
4862,persia
4863,pert
4864,perth
4865,peru
4866,peruse
4867,pest
4868,peste
4869,pet
4870,petal
4871,pete
4872,peter
4873,petit
4874,petri
4875,petty
4876,pew
4877,pewee
4878,pf
4879,pg
4880,ph
4881,ph.d
4882,phage
4883,phase
4884,phd
4885,phenol
4886,phi
4887,phil
4888,phlox
4889,phon
4890,phone
4891,phony
4892,photo
4893,phyla
4894,physic
4895,pi
4896,piano
4897,pica
4898,pick
4899,pickup
4900,picky
4901,pie
4902,piece
4903,pier
4904,pierce
4905,piety
4906,pig
4907,piggy
4908,pike
4909,pile
4910,pill
4911,pilot
4912,pimp
4913,pin
4914,pinch
4915,pine
4916,ping
4917,pinion
4918,pink
4919,pint
4920,pinto
4921,pion
4922,piotr
4923,pious
4924,pip
4925,pipe
4926,piper
4927,pique
4928,pit
4929,pitch
4930,pith
4931,pithy
4932,pitney
4933,pitt
4934,pity
4935,pius
4936,pivot
4937,pixel
4938,pixy
4939,pizza
4940,pj
4941,pk
4942,pl
4943,place
4944,plague
4945,plaid
4946,plain
4947,plan
4948,plane
4949,plank
4950,plant
4951,plasm
4952,plat
4953,plate
4954,plato
4955,play
4956,playa
4957,plaza
4958,plea
4959,plead
4960,pleat
4961,pledge
4962,pliny
4963,plod
4964,plop
4965,plot
4966,plow
4967,pluck
4968,plug
4969,plum
4970,plumb
4971,plume
4972,plump
4973,plunk
4974,plus
4975,plush
4976,plushy
4977,pluto
4978,ply
4979,pm
4980,pn
4981,po
4982,poach
4983,pobox
4984,pod
4985,podge
4986,podia
4987,poe
4988,poem
4989,poesy
4990,poet
4991,poetry
4992,pogo
4993,poi
4994,point
4995,poise
4996,poke
4997,pol
4998,polar
4999,pole
5000,police
5001,polio
5002,polis
5003,polk
5004,polka
5005,poll
5006,polo
5007,pomona
5008,pomp
5009,ponce
5010,pond
5011,pong
5012,pont
5013,pony
5014,pooch
5015,pooh
5016,pool
5017,poole
5018,poop
5019,poor
5020,pop
5021,pope
5022,poppy
5023,porch
5024,pore
5025,pork
5026,porous
5027,port
5028,porte
5029,portia
5030,porto
5031,pose
5032,posey
5033,posh
5034,posit
5035,posse
5036,post
5037,posy
5038,pot
5039,potts
5040,pouch
5041,pound
5042,pour
5043,pout
5044,pow
5045,powder
5046,power
5047,pp
5048,ppm
5049,ppp
5050,pppp
5051,pq
5052,pqr
5053,pr
5054,prado
5055,pram
5056,prank
5057,pratt
5058,pray
5059,preen
5060,prefix
5061,prep
5062,press
5063,prexy
5064,prey
5065,priam
5066,price
5067,prick
5068,pride
5069,prig
5070,prim
5071,prima
5072,prime
5073,primp
5074,prince
5075,print
5076,prior
5077,prism
5078,prissy
5079,privy
5080,prize
5081,pro
5082,probe
5083,prod
5084,prof
5085,prom
5086,prone
5087,prong
5088,proof
5089,prop
5090,propyl
5091,prose
5092,proud
5093,prove
5094,prow
5095,prowl
5096,proxy
5097,prune
5098,pry
5099,ps
5100,psalm
5101,psi
5102,psych
5103,pt
5104,pta
5105,pu
5106,pub
5107,puck
5108,puddly
5109,puerto
5110,puff
5111,puffy
5112,pug
5113,pugh
5114,puke
5115,pull
5116,pulp
5117,pulse
5118,puma
5119,pump
5120,pun
5121,punch
5122,punic
5123,punish
5124,punk
5125,punky
5126,punt
5127,puny
5128,pup
5129,pupal
5130,pupil
5131,puppy
5132,pure
5133,purge
5134,purl
5135,purr
5136,purse
5137,pus
5138,pusan
5139,pusey
5140,push
5141,pussy
5142,put
5143,putt
5144,putty
5145,pv
5146,pvc
5147,pw
5148,px
5149,py
5150,pygmy
5151,pyle
5152,pyre
5153,pyrex
5154,pyrite
5155,pz
5156,q
5157,q's
5158,qa
5159,qatar
5160,qb
5161,qc
5162,qd
5163,qe
5164,qed
5165,qf
5166,qg
5167,qh
5168,qi
5169,qj
5170,qk
5171,ql
5172,qm
5173,qn
5174,qo
5175,qp
5176,qq
5177,qqq
5178,qqqq
5179,qr
5180,qrs
5181,qs
5182,qt
5183,qu
5184,qua
5185,quack
5186,quad
5187,quaff
5188,quail
5189,quake
5190,qualm
5191,quark
5192,quarry
5193,quart
5194,quash
5195,quasi
5196,quay
5197,queasy
5198,queen
5199,queer
5200,quell
5201,query
5202,quest
5203,queue
5204,quick
5205,quid
5206,quiet
5207,quill
5208,quilt
5209,quinn
5210,quint
5211,quip
5212,quirk
5213,quirt
5214,quit
5215,quite
5216,quito
5217,quiz
5218,quo
5219,quod
5220,quota
5221,quote
5222,qv
5223,qw
5224,qx
5225,qy
5226,qz
5227,r
5228,r&d
5229,r's
5230,ra
5231,rabat
5232,rabbi
5233,rabbit
5234,rabid
5235,rabin
5236,race
5237,rack
5238,racy
5239,radar
5240,radii
5241,radio
5242,radium
5243,radix
5244,radon
5245,rae
5246,rafael
5247,raft
5248,rag
5249,rage
5250,raid
5251,rail
5252,rain
5253,rainy
5254,raise
5255,raj
5256,rajah
5257,rake
5258,rally
5259,ralph
5260,ram
5261,raman
5262,ramo
5263,ramp
5264,ramsey
5265,ran
5266,ranch
5267,rand
5268,randy
5269,rang
5270,range
5271,rangy
5272,rank
5273,rant
5274,raoul
5275,rap
5276,rape
5277,rapid
5278,rapt
5279,rare
5280,rasa
5281,rascal
5282,rash
5283,rasp
5284,rat
5285,rata
5286,rate
5287,rater
5288,ratio
5289,rattle
5290,raul
5291,rave
5292,ravel
5293,raven
5294,raw
5295,ray
5296,raze
5297,razor
5298,rb
5299,rc
5300,rca
5301,rd
5302,re
5303,reach
5304,read
5305,ready
5306,reagan
5307,real
5308,realm
5309,ream
5310,reap
5311,rear
5312,reave
5313,reb
5314,rebel
5315,rebut
5316,recipe
5317,reck
5318,recur
5319,red
5320,redeem
5321,reduce
5322,reed
5323,reedy
5324,reef
5325,reek
5326,reel
5327,reese
5328,reeve
5329,refer
5330,regal
5331,regina
5332,regis
5333,reich
5334,reid
5335,reign
5336,rein
5337,relax
5338,relay
5339,relic
5340,reman
5341,remedy
5342,remit
5343,remus
5344,rena
5345,renal
5346,rend
5347,rene
5348,renown
5349,rent
5350,rep
5351,repel
5352,repent
5353,resin
5354,resort
5355,rest
5356,ret
5357,retch
5358,return
5359,reub
5360,rev
5361,reveal
5362,revel
5363,rever
5364,revet
5365,revved
5366,rex
5367,rf
5368,rg
5369,rh
5370,rhea
5371,rheum
5372,rhine
5373,rhino
5374,rho
5375,rhoda
5376,rhode
5377,rhyme
5378,ri
5379,rib
5380,rica
5381,rice
5382,rich
5383,rick
5384,rico
5385,rid
5386,ride
5387,ridge
5388,rifle
5389,rift
5390,rig
5391,riga
5392,rigel
5393,riggs
5394,right
5395,rigid
5396,riley
5397,rill
5398,rilly
5399,rim
5400,rime
5401,rimy
5402,ring
5403,rink
5404,rinse
5405,rio
5406,riot
5407,rip
5408,ripe
5409,ripen
5410,ripley
5411,rise
5412,risen
5413,risk
5414,risky
5415,rite
5416,ritz
5417,rival
5418,riven
5419,river
5420,rivet
5421,riyadh
5422,rj
5423,rk
5424,rl
5425,rm
5426,rn
5427,ro
5428,roach
5429,road
5430,roam
5431,roar
5432,roast
5433,rob
5434,robe
5435,robin
5436,robot
5437,rock
5438,rocket
5439,rocky
5440,rod
5441,rode
5442,rodeo
5443,roe
5444,roger
5445,rogue
5446,roil
5447,role
5448,roll
5449,roman
5450,rome
5451,romeo
5452,romp
5453,ron
5454,rondo
5455,rood
5456,roof
5457,rook
5458,rookie
5459,rooky
5460,room
5461,roomy
5462,roost
5463,root
5464,rope
5465,rosa
5466,rose
5467,rosen
5468,ross
5469,rosy
5470,rot
5471,rotc
5472,roth
5473,rotor
5474,rouge
5475,rough
5476,round
5477,rouse
5478,rout
5479,route
5480,rove
5481,row
5482,rowdy
5483,rowe
5484,roy
5485,royal
5486,royce
5487,rp
5488,rpm
5489,rq
5490,rr
5491,rrr
5492,rrrr
5493,rs
5494,rst
5495,rsvp
5496,rt
5497,ru
5498,ruanda
5499,rub
5500,rube
5501,ruben
5502,rubin
5503,rubric
5504,ruby
5505,ruddy
5506,rude
5507,rudy
5508,rue
5509,rufus
5510,rug
5511,ruin
5512,rule
5513,rum
5514,rumen
5515,rummy
5516,rump
5517,rumpus
5518,run
5519,rune
5520,rung
5521,runge
5522,runic
5523,runt
5524,runty
5525,rupee
5526,rural
5527,ruse
5528,rush
5529,rusk
5530,russ
5531,russo
5532,rust
5533,rusty
5534,rut
5535,ruth
5536,rutty
5537,rv
5538,rw
5539,rx
5540,ry
5541,ryan
5542,ryder
5543,rye
5544,rz
5545,s
5546,s's
5547,sa
5548,sabine
5549,sable
5550,sabra
5551,sac
5552,sachs
5553,sack
5554,sad
5555,saddle
5556,sadie
5557,safari
5558,safe
5559,sag
5560,saga
5561,sage
5562,sago
5563,said
5564,sail
5565,saint
5566,sake
5567,sal
5568,salad
5569,sale
5570,salem
5571,saline
5572,salk
5573,salle
5574,sally
5575,salon
5576,salt
5577,salty
5578,salve
5579,salvo
5580,sam
5581,samba
5582,same
5583,sammy
5584,samoa
5585,samuel
5586,san
5587,sana
5588,sand
5589,sandal
5590,sandy
5591,sane
5592,sang
5593,sank
5594,sans
5595,santa
5596,santo
5597,sao
5598,sap
5599,sappy
5600,sara
5601,sarah
5602,saran
5603,sari
5604,sash
5605,sat
5606,satan
5607,satin
5608,satyr
5609,sauce
5610,saucy
5611,saud
5612,saudi
5613,saul
5614,sault
5615,saute
5616,save
5617,savoy
5618,savvy
5619,saw
5620,sawyer
5621,sax
5622,saxon
5623,say
5624,sb
5625,sc
5626,scab
5627,scala
5628,scald
5629,scale
5630,scalp
5631,scam
5632,scamp
5633,scan
5634,scant
5635,scar
5636,scare
5637,scarf
5638,scary
5639,scat
5640,scaup
5641,scene
5642,scent
5643,school
5644,scion
5645,scm
5646,scoff
5647,scold
5648,scoop
5649,scoot
5650,scope
5651,scops
5652,score
5653,scoria
5654,scorn
5655,scot
5656,scott
5657,scour
5658,scout
5659,scowl
5660,scram
5661,scrap
5662,scrape
5663,screw
5664,scrim
5665,scrub
5666,scuba
5667,scud
5668,scuff
5669,scull
5670,scum
5671,scurry
5672,sd
5673,se
5674,sea
5675,seal
5676,seam
5677,seamy
5678,sean
5679,sear
5680,sears
5681,season
5682,seat
5683,sec
5684,secant
5685,sect
5686,sedan
5687,seder
5688,sedge
5689,see
5690,seed
5691,seedy
5692,seek
5693,seem
5694,seen
5695,seep
5696,seethe
5697,seize
5698,self
5699,sell
5700,selma
5701,semi
5702,sen
5703,send
5704,seneca
5705,senor
5706,sense
5707,sent
5708,sentry
5709,seoul
5710,sepal
5711,sepia
5712,sepoy
5713,sept
5714,septa
5715,sequin
5716,sera
5717,serf
5718,serge
5719,serif
5720,serum
5721,serve
5722,servo
5723,set
5724,seth
5725,seton
5726,setup
5727,seven
5728,sever
5729,severe
5730,sew
5731,sewn
5732,sex
5733,sexy
5734,sf
5735,sg
5736,sh
5737,shack
5738,shad
5739,shade
5740,shady
5741,shafer
5742,shaft
5743,shag
5744,shah
5745,shake
5746,shaken
5747,shako
5748,shaky
5749,shale
5750,shall
5751,sham
5752,shame
5753,shank
5754,shape
5755,shard
5756,share
5757,shari
5758,shark
5759,sharp
5760,shave
5761,shaw
5762,shawl
5763,shay
5764,she
5765,she'd
5766,shea
5767,sheaf
5768,shear
5769,sheath
5770,shed
5771,sheen
5772,sheep
5773,sheer
5774,sheet
5775,sheik
5776,shelf
5777,shell
5778,shied
5779,shift
5780,shill
5781,shim
5782,shin
5783,shine
5784,shinto
5785,shiny
5786,ship
5787,shire
5788,shirk
5789,shirt
5790,shish
5791,shiv
5792,shoal
5793,shock
5794,shod
5795,shoe
5796,shoji
5797,shone
5798,shoo
5799,shook
5800,shoot
5801,shop
5802,shore
5803,short
5804,shot
5805,shout
5806,shove
5807,show
5808,shown
5809,showy
5810,shrank
5811,shred
5812,shrew
5813,shrike
5814,shrub
5815,shrug
5816,shu
5817,shuck
5818,shun
5819,shunt
5820,shut
5821,shy
5822,si
5823,sial
5824,siam
5825,sian
5826,sib
5827,sibley
5828,sibyl
5829,sic
5830,sick
5831,side
5832,sidle
5833,siege
5834,siena
5835,sieve
5836,sift
5837,sigh
5838,sight
5839,sigma
5840,sign
5841,signal
5842,signor
5843,silas
5844,silk
5845,silky
5846,sill
5847,silly
5848,silo
5849,silt
5850,silty
5851,sima
5852,simon
5853,simons
5854,sims
5855,sin
5856,sinai
5857,since
5858,sine
5859,sinew
5860,sing
5861,singe
5862,sinh
5863,sink
5864,sinus
5865,sioux
5866,sip
5867,sir
5868,sire
5869,siren
5870,sis
5871,sisal
5872,sit
5873,site
5874,situ
5875,situs
5876,siva
5877,six
5878,sixgun
5879,sixth
5880,sixty
5881,size
5882,sj
5883,sk
5884,skat
5885,skate
5886,skeet
5887,skew
5888,ski
5889,skid
5890,skied
5891,skiff
5892,skill
5893,skim
5894,skimp
5895,skimpy
5896,skin
5897,skip
5898,skirt
5899,skit
5900,skulk
5901,skull
5902,skunk
5903,sky
5904,skye
5905,sl
5906,slab
5907,slack
5908,slag
5909,slain
5910,slake
5911,slam
5912,slang
5913,slant
5914,slap
5915,slash
5916,slat
5917,slate
5918,slater
5919,slav
5920,slave
5921,slay
5922,sled
5923,sleek
5924,sleep
5925,sleet
5926,slept
5927,slew
5928,slice
5929,slick
5930,slid
5931,slide
5932,slim
5933,slime
5934,slimy
5935,sling
5936,slip
5937,slit
5938,sliver
5939,sloan
5940,slob
5941,sloe
5942,slog
5943,sloop
5944,slop
5945,slope
5946,slosh
5947,slot
5948,sloth
5949,slow
5950,slug
5951,sluice
5952,slum
5953,slump
5954,slung
5955,slur
5956,slurp
5957,sly
5958,sm
5959,smack
5960,small
5961,smart
5962,smash
5963,smear
5964,smell
5965,smelt
5966,smile
5967,smirk
5968,smith
5969,smithy
5970,smog
5971,smoke
5972,smoky
5973,smug
5974,smut
5975,sn
5976,snack
5977,snafu
5978,snag
5979,snail
5980,snake
5981,snap
5982,snare
5983,snark
5984,snarl
5985,snatch
5986,sneak
5987,sneer
5988,snell
5989,snick
5990,sniff
5991,snip
5992,snipe
5993,snob
5994,snook
5995,snoop
5996,snore
5997,snort
5998,snout
5999,snow
6000,snowy
6001,snub
6002,snuff
6003,snug
6004,so
6005,soak
6006,soap
6007,soapy
6008,soar
6009,sob
6010,sober
6011,social
6012,sock
6013,sod
6014,soda
6015,sofa
6016,sofia
6017,soft
6018,soften
6019,soggy
6020,soil
6021,sol
6022,solar
6023,sold
6024,sole
6025,solemn
6026,solid
6027,solo
6028,solon
6029,solve
6030,soma
6031,somal
6032,some
6033,son
6034,sonar
6035,song
6036,sonic
6037,sonny
6038,sonora
6039,sony
6040,soon
6041,soot
6042,sooth
6043,sop
6044,sora
6045,sorb
6046,sore
6047,sorry
6048,sort
6049,sos
6050,sou
6051,sough
6052,soul
6053,sound
6054,soup
6055,sour
6056,source
6057,sousa
6058,south
6059,sow
6060,sown
6061,soy
6062,soya
6063,sp
6064,spa
6065,space
6066,spade
6067,spain
6068,span
6069,spar
6070,spare
6071,sparge
6072,spark
6073,spasm
6074,spat
6075,spate
6076,spawn
6077,spay
6078,speak
6079,spear
6080,spec
6081,speck
6082,sped
6083,speed
6084,spell
6085,spend
6086,spent
6087,sperm
6088,sperry
6089,spew
6090,spica
6091,spice
6092,spicy
6093,spike
6094,spiky
6095,spill
6096,spilt
6097,spin
6098,spine
6099,spiny
6100,spire
6101,spiro
6102,spit
6103,spite
6104,spitz
6105,splat
6106,splay
6107,spline
6108,split
6109,spoil
6110,spoke
6111,spoof
6112,spook
6113,spooky
6114,spool
6115,spoon
6116,spore
6117,sport
6118,spot
6119,spout
6120,sprain
6121,spray
6122,spree
6123,sprig
6124,spruce
6125,sprue
6126,spud
6127,spume
6128,spun
6129,spunk
6130,spur
6131,spurn
6132,spurt
6133,spy
6134,sq
6135,squad
6136,squat
6137,squaw
6138,squibb
6139,squid
6140,squint
6141,sr
6142,sri
6143,ss
6144,sss
6145,ssss
6146,sst
6147,st
6148,st.
6149,stab
6150,stack
6151,stacy
6152,staff
6153,stag
6154,stage
6155,stagy
6156,stahl
6157,staid
6158,stain
6159,stair
6160,stake
6161,stale
6162,stalk
6163,stall
6164,stamp
6165,stan
6166,stance
6167,stand
6168,stank
6169,staph
6170,star
6171,stare
6172,stark
6173,starr
6174,start
6175,stash
6176,state
6177,statue
6178,stave
6179,stay
6180,stead
6181,steak
6182,steal
6183,steam
6184,steed
6185,steel
6186,steele
6187,steen
6188,steep
6189,steer
6190,stein
6191,stella
6192,stem
6193,step
6194,stern
6195,steve
6196,stew
6197,stick
6198,stiff
6199,stile
6200,still
6201,stilt
6202,sting
6203,stingy
6204,stink
6205,stint
6206,stir
6207,stock
6208,stoic
6209,stoke
6210,stole
6211,stomp
6212,stone
6213,stony
6214,stood
6215,stool
6216,stoop
6217,stop
6218,store
6219,storey
6220,stork
6221,storm
6222,story
6223,stout
6224,stove
6225,stow
6226,strafe
6227,strap
6228,straw
6229,stray
6230,strewn
6231,strip
6232,stroll
6233,strom
6234,strop
6235,strum
6236,strut
6237,stu
6238,stuart
6239,stub
6240,stuck
6241,stud
6242,study
6243,stuff
6244,stuffy
6245,stump
6246,stun
6247,stung
6248,stunk
6249,stunt
6250,sturm
6251,style
6252,styli
6253,styx
6254,su
6255,suave
6256,sub
6257,subtly
6258,such
6259,suck
6260,sud
6261,sudan
6262,suds
6263,sue
6264,suey
6265,suez
6266,sugar
6267,suit
6268,suite
6269,sulfa
6270,sulk
6271,sulky
6272,sully
6273,sultry
6274,sum
6275,sumac
6276,summon
6277,sun
6278,sung
6279,sunk
6280,sunny
6281,sunset
6282,suny
6283,sup
6284,super
6285,supra
6286,sure
6287,surf
6288,surge
6289,sus
6290,susan
6291,sushi
6292,susie
6293,sutton
6294,sv
6295,sw
6296,swab
6297,swag
6298,swain
6299,swam
6300,swami
6301,swamp
6302,swampy
6303,swan
6304,swank
6305,swap
6306,swarm
6307,swart
6308,swat
6309,swath
6310,sway
6311,swear
6312,sweat
6313,sweaty
6314,swede
6315,sweep
6316,sweet
6317,swell
6318,swelt
6319,swept
6320,swift
6321,swig
6322,swim
6323,swine
6324,swing
6325,swipe
6326,swirl
6327,swish
6328,swiss
6329,swoop
6330,sword
6331,swore
6332,sworn
6333,swum
6334,swung
6335,sx
6336,sy
6337,sybil
6338,sykes
6339,sylow
6340,sylvan
6341,synge
6342,synod
6343,syria
6344,syrup
6345,sz
6346,t
6347,t's
6348,ta
6349,tab
6350,table
6351,taboo
6352,tabu
6353,tabula
6354,tacit
6355,tack
6356,tacky
6357,tacoma
6358,tact
6359,tad
6360,taffy
6361,taft
6362,tag
6363,tahoe
6364,tail
6365,taint
6366,take
6367,taken
6368,talc
6369,tale
6370,talk
6371,talky
6372,tall
6373,tallow
6374,tally
6375,talon
6376,talus
6377,tam
6378,tame
6379,tamp
6380,tampa
6381,tan
6382,tang
6383,tango
6384,tangy
6385,tanh
6386,tank
6387,tansy
6388,tanya
6389,tao
6390,taos
6391,tap
6392,tapa
6393,tape
6394,taper
6395,tapir
6396,tapis
6397,tappa
6398,tar
6399,tara
6400,tardy
6401,tariff
6402,tarry
6403,tart
6404,task
6405,tass
6406,taste
6407,tasty
6408,tat
6409,tate
6410,tater
6411,tattle
6412,tatty
6413,tau
6414,taunt
6415,taut
6416,tavern
6417,tawny
6418,tax
6419,taxi
6420,tb
6421,tc
6422,td
6423,te
6424,tea
6425,teach
6426,teal
6427,team
6428,tear
6429,tease
6430,teat
6431,tech
6432,tecum
6433,ted
6434,teddy
6435,tee
6436,teem
6437,teen
6438,teensy
6439,teet
6440,teeth
6441,telex
6442,tell
6443,tempo
6444,tempt
6445,ten
6446,tend
6447,tenet
6448,tenney
6449,tenon
6450,tenor
6451,tense
6452,tensor
6453,tent
6454,tenth
6455,tepee
6456,tepid
6457,term
6458,tern
6459,terra
6460,terre
6461,terry
6462,terse
6463,tess
6464,test
6465,testy
6466,tete
6467,texan
6468,texas
6469,text
6470,tf
6471,tg
6472,th
6473,thai
6474,than
6475,thank
6476,that
6477,thaw
6478,the
6479,thea
6480,thee
6481,theft
6482,their
6483,them
6484,theme
6485,then
6486,there
6487,these
6488,theta
6489,they
6490,thick
6491,thief
6492,thigh
6493,thin
6494,thine
6495,thing
6496,think
6497,third
6498,this
6499,thong
6500,thor
6501,thorn
6502,thorny
6503,those
6504,thou
6505,thread
6506,three
6507,threw
6508,throb
6509,throes
6510,throw
6511,thrum
6512,thud
6513,thug
6514,thule
6515,thumb
6516,thump
6517,thus
6518,thy
6519,thyme
6520,ti
6521,tiber
6522,tibet
6523,tibia
6524,tic
6525,tick
6526,ticket
6527,tid
6528,tidal
6529,tidbit
6530,tide
6531,tidy
6532,tie
6533,tied
6534,tier
6535,tift
6536,tiger
6537,tight
6538,til
6539,tilde
6540,tile
6541,till
6542,tilt
6543,tilth
6544,tim
6545,time
6546,timex
6547,timid
6548,timon
6549,tin
6550,tina
6551,tine
6552,tinge
6553,tint
6554,tiny
6555,tioga
6556,tip
6557,tipoff
6558,tippy
6559,tipsy
6560,tire
6561,tit
6562,titan
6563,tithe
6564,title
6565,titus
6566,tj
6567,tk
6568,tl
6569,tm
6570,tn
6571,tnt
6572,to
6573,toad
6574,toady
6575,toast
6576,toby
6577,today
6578,todd
6579,toe
6580,tofu
6581,tog
6582,togo
6583,togs
6584,toil
6585,toilet
6586,token
6587,tokyo
6588,told
6589,toll
6590,tom
6591,tomb
6592,tome
6593,tommy
6594,ton
6595,tonal
6596,tone
6597,tong
6598,toni
6599,tonic
6600,tonk
6601,tonsil
6602,tony
6603,too
6604,took
6605,tool
6606,toot
6607,tooth
6608,top
6609,topaz
6610,topic
6611,topple
6612,topsy
6613,tor
6614,torah
6615,torch
6616,tore
6617,tori
6618,torn
6619,torr
6620,torso
6621,tort
6622,torus
6623,tory
6624,toss
6625,tot
6626,total
6627,tote
6628,totem
6629,touch
6630,tough
6631,tour
6632,tout
6633,tow
6634,towel
6635,tower
6636,town
6637,toxic
6638,toxin
6639,toy
6640,tp
6641,tq
6642,tr
6643,trace
6644,track
6645,tract
6646,tracy
6647,trade
6648,trag
6649,trail
6650,train
6651,trait
6652,tram
6653,tramp
6654,trap
6655,trash
6656,trawl
6657,tray
6658,tread
6659,treat
6660,treble
6661,tree
6662,trek
6663,trench
6664,trend
6665,tress
6666,triad
6667,trial
6668,tribe
6669,trick
6670,tried
6671,trig
6672,trill
6673,trim
6674,trio
6675,trip
6676,tripe
6677,trite
6678,triton
6679,trod
6680,troll
6681,troop
6682,trot
6683,trout
6684,troy
6685,truce
6686,truck
6687,trudge
6688,trudy
6689,true
6690,truly
6691,trump
6692,trunk
6693,truss
6694,trust
6695,truth
6696,trw
6697,try
6698,ts
6699,tsar
6700,tt
6701,ttl
6702,ttt
6703,tttt
6704,tty
6705,tu
6706,tub
6707,tuba
6708,tube
6709,tuck
6710,tudor
6711,tuff
6712,tuft
6713,tug
6714,tulane
6715,tulip
6716,tulle
6717,tulsa
6718,tum
6719,tun
6720,tuna
6721,tune
6722,tung
6723,tunic
6724,tunis
6725,tunnel
6726,tuple
6727,turf
6728,turin
6729,turk
6730,turn
6731,turvy
6732,tusk
6733,tussle
6734,tutor
6735,tutu
6736,tuv
6737,tv
6738,tva
6739,tw
6740,twa
6741,twain
6742,tweak
6743,tweed
6744,twice
6745,twig
6746,twill
6747,twin
6748,twine
6749,twirl
6750,twist
6751,twisty
6752,twit
6753,two
6754,twx
6755,tx
6756,ty
6757,tyburn
6758,tying
6759,tyler
6760,type
6761,typic
6762,typo
6763,tyson
6764,tz
6765,u
6766,u's
6767,ua
6768,ub
6769,uc
6770,ucla
6771,ud
6772,ue
6773,uf
6774,ug
6775,ugh
6776,ugly
6777,uh
6778,ui
6779,uj
6780,uk
6781,ul
6782,ulan
6783,ulcer
6784,ultra
6785,um
6786,umber
6787,umbra
6788,umpire
6789,un
6790,unary
6791,uncle
6792,under
6793,unify
6794,union
6795,unit
6796,unite
6797,unity
6798,unix
6799,until
6800,uo
6801,up
6802,upend
6803,uphold
6804,upon
6805,upper
6806,uproar
6807,upset
6808,uptake
6809,upton
6810,uq
6811,ur
6812,urban
6813,urbane
6814,urea
6815,urge
6816,uri
6817,urine
6818,uris
6819,urn
6820,ursa
6821,us
6822,usa
6823,usaf
6824,usage
6825,usc
6826,usda
6827,use
6828,useful
6829,usgs
6830,usher
6831,usia
6832,usn
6833,usps
6834,ussr
6835,usual
6836,usurp
6837,usury
6838,ut
6839,utah
6840,utica
6841,utile
6842,utmost
6843,utter
6844,uu
6845,uuu
6846,uuuu
6847,uv
6848,uvw
6849,uw
6850,ux
6851,uy
6852,uz
6853,v
6854,v's
6855,va
6856,vacua
6857,vacuo
6858,vade
6859,vaduz
6860,vague
6861,vail
6862,vain
6863,vale
6864,valet
6865,valeur
6866,valid
6867,value
6868,valve
6869,vamp
6870,van
6871,vance
6872,vane
6873,vary
6874,vase
6875,vast
6876,vat
6877,vault
6878,vb
6879,vc
6880,vd
6881,ve
6882,veal
6883,veda
6884,vee
6885,veer
6886,veery
6887,vega
6888,veil
6889,vein
6890,velar
6891,veldt
6892,vella
6893,vellum
6894,venal
6895,vend
6896,venial
6897,venom
6898,vent
6899,venus
6900,vera
6901,verb
6902,verde
6903,verdi
6904,verge
6905,verity
6906,verna
6907,verne
6908,versa
6909,verse
6910,verve
6911,very
6912,vessel
6913,vest
6914,vet
6915,vetch
6916,veto
6917,vex
6918,vf
6919,vg
6920,vh
6921,vi
6922,via
6923,vial
6924,vicar
6925,vice
6926,vichy
6927,vicky
6928,vida
6929,video
6930,vie
6931,viet
6932,view
6933,vigil
6934,vii
6935,viii
6936,vile
6937,villa
6938,vine
6939,vinyl
6940,viola
6941,violet
6942,virgil
6943,virgo
6944,virus
6945,vis
6946,visa
6947,vise
6948,visit
6949,visor
6950,vista
6951,vita
6952,vitae
6953,vital
6954,vito
6955,vitro
6956,viva
6957,vivian
6958,vivid
6959,vivo
6960,vixen
6961,viz
6962,vj
6963,vk
6964,vl
6965,vm
6966,vn
6967,vo
6968,vocal
6969,vogel
6970,vogue
6971,voice
6972,void
6973,volt
6974,volta
6975,volvo
6976,vomit
6977,von
6978,voss
6979,vote
6980,vouch
6981,vow
6982,vowel
6983,vp
6984,vq
6985,vr
6986,vs
6987,vt
6988,vu
6989,vulcan
6990,vv
6991,vvv
6992,vvvv
6993,vw
6994,vx
6995,vy
6996,vying
6997,vz
6998,w
6999,w's
7000,wa
7001,waals
7002,wac
7003,wack
7004,wacke
7005,wacky
7006,waco
7007,wad
7008,wade
7009,wadi
7010,wafer
7011,wag
7012,wage
7013,waggle
7014,wah
7015,wahl
7016,wail
7017,waist
7018,wait
7019,waite
7020,waive
7021,wake
7022,waken
7023,waldo
7024,wale
7025,walk
7026,walkie
7027,wall
7028,walls
7029,wally
7030,walsh
7031,walt
7032,walton
7033,waltz
7034,wan
7035,wand
7036,wane
7037,wang
7038,want
7039,war
7040,ward
7041,ware
7042,warm
7043,warmth
7044,warn
7045,warp
7046,warren
7047,wart
7048,warty
7049,wary
7050,was
7051,wash
7052,washy
7053,wasp
7054,wast
7055,waste
7056,watch
7057,water
7058,watt
7059,watts
7060,wave
7061,wavy
7062,wax
7063,waxen
7064,waxy
7065,way
7066,wayne
7067,wb
7068,wc
7069,wd
7070,we
7071,we'd
7072,we'll
7073,we're
7074,we've
7075,weak
7076,weal
7077,wealth
7078,wean
7079,wear
7080,weary
7081,weave
7082,web
7083,webb
7084,weber
7085,weco
7086,wed
7087,wedge
7088,wee
7089,weed
7090,weedy
7091,week
7092,weeks
7093,weep
7094,wehr
7095,wei
7096,weigh
7097,weir
7098,weird
7099,weiss
7100,welch
7101,weld
7102,well
7103,wells
7104,welsh
7105,welt
7106,wendy
7107,went
7108,wept
7109,were
7110,wert
7111,west
7112,wet
7113,wf
7114,wg
7115,wh
7116,whack
7117,whale
7118,wham
7119,wharf
7120,what
7121,wheat
7122,whee
7123,wheel
7124,whelk
7125,whelm
7126,whelp
7127,when
7128,where
7129,whet
7130,which
7131,whiff
7132,whig
7133,while
7134,whim
7135,whine
7136,whinny
7137,whip
7138,whir
7139,whirl
7140,whisk
7141,whit
7142,white
7143,whiz
7144,who
7145,who'd
7146,whoa
7147,whole
7148,whom
7149,whoop
7150,whoosh
7151,whop
7152,whose
7153,whup
7154,why
7155,wi
7156,wick
7157,wide
7158,widen
7159,widow
7160,width
7161,wield
7162,wier
7163,wife
7164,wig
7165,wild
7166,wile
7167,wiley
7168,wilkes
7169,will
7170,willa
7171,wills
7172,wilma
7173,wilt
7174,wily
7175,win
7176,wince
7177,winch
7178,wind
7179,windy
7180,wine
7181,wing
7182,wink
7183,winnie
7184,wino
7185,winter
7186,winy
7187,wipe
7188,wire
7189,wiry
7190,wise
7191,wish
7192,wishy
7193,wisp
7194,wispy
7195,wit
7196,witch
7197,with
7198,withe
7199,withy
7200,witt
7201,witty
7202,wive
7203,wj
7204,wk
7205,wl
7206,wm
7207,wn
7208,wo
7209,woe
7210,wok
7211,woke
7212,wold
7213,wolf
7214,wolfe
7215,wolff
7216,wolve
7217,woman
7218,womb
7219,women
7220,won
7221,won't
7222,wonder
7223,wong
7224,wont
7225,woo
7226,wood
7227,woods
7228,woody
7229,wool
7230,woozy
7231,word
7232,wordy
7233,wore
7234,work
7235,world
7236,worm
7237,wormy
7238,worn
7239,worry
7240,worse
7241,worst
7242,worth
7243,wotan
7244,would
7245,wound
7246,wove
7247,woven
7248,wow
7249,wp
7250,wq
7251,wr
7252,wrack
7253,wrap
7254,wrath
7255,wreak
7256,wreck
7257,wrest
7258,wring
7259,wrist
7260,writ
7261,write
7262,writhe
7263,wrong
7264,wrote
7265,wry
7266,ws
7267,wt
7268,wu
7269,wuhan
7270,wv
7271,ww
7272,www
7273,wwww
7274,wx
7275,wxy
7276,wy
7277,wyatt
7278,wyeth
7279,wylie
7280,wyman
7281,wyner
7282,wynn
7283,wz
7284,x
7285,x's
7286,xa
7287,xb
7288,xc
7289,xd
7290,xe
7291,xenon
7292,xerox
7293,xf
7294,xg
7295,xh
7296,xi
7297,xj
7298,xk
7299,xl
7300,xm
7301,xn
7302,xo
7303,xp
7304,xq
7305,xr
7306,xs
7307,xt
7308,xu
7309,xv
7310,xw
7311,xx
7312,xxx
7313,xxxx
7314,xy
7315,xylem
7316,xyz
7317,xz
7318,y
7319,y's
7320,ya
7321,yacht
7322,yah
7323,yak
7324,yale
7325,yalta
7326,yam
7327,yamaha
7328,yang
7329,yank
7330,yap
7331,yaqui
7332,yard
7333,yarn
7334,yates
7335,yaw
7336,yawl
7337,yawn
7338,yb
7339,yc
7340,yd
7341,ye
7342,yea
7343,yeah
7344,year
7345,yearn
7346,yeast
7347,yeasty
7348,yeats
7349,yell
7350,yelp
7351,yemen
7352,yen
7353,yet
7354,yf
7355,yg
7356,yh
7357,yi
7358,yield
7359,yin
7360,yip
7361,yj
7362,yk
7363,yl
7364,ym
7365,ymca
7366,yn
7367,yo
7368,yodel
7369,yoder
7370,yoga
7371,yogi
7372,yoke
7373,yokel
7374,yolk
7375,yon
7376,yond
7377,yore
7378,york
7379,yost
7380,you
7381,you'd
7382,young
7383,your
7384,youth
7385,yow
7386,yp
7387,yq
7388,yr
7389,ys
7390,yt
7391,yu
7392,yucca
7393,yuck
7394,yuh
7395,yuki
7396,yukon
7397,yule
7398,yv
7399,yves
7400,yw
7401,ywca
7402,yx
7403,yy
7404,yyy
7405,yyyy
7406,yz
7407,z
7408,z's
7409,za
7410,zag
7411,zaire
7412,zan
7413,zap
7414,zazen
7415,zb
7416,zc
7417,zd
7418,ze
7419,zeal
7420,zealot
7421,zebra
7422,zeiss
7423,zen
7424,zero
7425,zest
7426,zesty
7427,zeta
7428,zeus
7429,zf
7430,zg
7431,zh
7432,zi
7433,zig
7434,zilch
7435,zinc
7436,zing
7437,zion
7438,zip
7439,zj
7440,zk
7441,zl
7442,zloty
7443,zm
7444,zn
7445,zo
7446,zoe
7447,zomba
7448,zone
7449,zoo
7450,zoom
7451,zorn
7452,zp
7453,zq
7454,zr
7455,zs
7456,zt
7457,zu
7458,zurich
7459,zv
7460,zw
7461,zx
7462,zy
7463,zz
7464,zzz
7465,zzzz
7466,0
7467,1
7468,2
7469,3
7470,4
7471,5
7472,6
7473,7
7474,8
7475,9
7476,10
7477,11
7478,12
7479,13
7480,14
7481,15
7482,16
7483,17
7484,18
7485,19
7486,20
7487,21
7488,22
7489,23
7490,24
7491,25
7492,26
7493,27
7494,28
7495,29
7496,30
7497,31
7498,32
7499,33
7500,34
7501,35
7502,36
7503,37
7504,38
7505,39
7506,40
7507,41
7508,42
7509,43
7510,44
7511,45
7512,46
7513,47
7514,48
7515,49
7516,50
7517,51
7518,52
7519,53
7520,54
7521,55
7522,56
7523,57
7524,58
7525,59
7526,60
7527,61
7528,62
7529,63
7530,64
7531,65
7532,66
7533,67
7534,68
7535,69
7536,70
7537,71
7538,72
7539,73
7540,74
7541,75
7542,76
7543,77
7544,78
7545,79
7546,80
7547,81
7548,82
7549,83
7550,84
7551,85
7552,86
7553,87
7554,88
7555,89
7556,90
7557,91
7558,92
7559,93
7560,94
7561,95
7562,96
7563,97
7564,98
7565,99
7566,100
7567,101
7568,111
7569,123
7570,200
7571,222
7572,234
7573,300
7574,333
7575,345
7576,400
7577,444
7578,456
7579,500
7580,555
7581,567
7582,600
7583,666
7584,678
7585,700
7586,777
7587,789
7588,800
7589,888
7590,900
7591,999
7592,1000
7593,1111
7594,1234
7595,1492
7596,1500
7597,1600
7598,1700
7599,1776
7600,1800
7601,1812
7602,1900
7603,1910
7604,1920
7605,1925
7606,1930
7607,1935
7608,1940
7609,1945
7610,1950
7611,1955
7612,1960
7613,1965
7614,1970
7615,1975
7616,1980
7617,1985
7618,1990
7619,1991
7620,1992
7621,1993
7622,1994
7623,1995
7624,1996
7625,1997
7626,2000
7627,2001
7628,2020
7629,2222
7630,2345
7631,2468
7632,3000
7633,3333
7634,3456
7635,4000
7636,4321
7637,4444
7638,4567
7639,5000
7640,5555
7641,5678
7642,6000
7643,6666
7644,6789
7645,7000
7646,7777
7647,8000
7648,8888
7649,9000
7650,9876
7651,9999
7652,100th
7653,101st
7654,10th
7655,11th
7656,12th
7657,13th
7658,14th
7659,15th
7660,16th
7661,17th
7662,18th
7663,19th
7664,1st
7665,20th
7666,21st
7667,22nd
7668,23rd
7669,24th
7670,25th
7671,26th
7672,27th
7673,28th
7674,29th
7675,2nd
7676,30th
7677,31st
7678,32nd
7679,33rd
7680,34th
7681,35th
7682,36th
7683,37th
7684,38th
7685,39th
7686,3rd
7687,40th
7688,41st
7689,42nd
7690,43rd
7691,44th
7692,45th
7693,46th
7694,47th
7695,48th
7696,49th
7697,4th
7698,50th
7699,51st
7700,52nd
7701,53rd
7702,54th
7703,55th
7704,56th
7705,57th
7706,58th
7707,59th
7708,5th
7709,60th
7710,61st
7711,62nd
7712,63rd
7713,65th
7714,66th
7715,67th
7716,68th
7717,69th
7718,6th
7719,70th
7720,71st
7721,72nd
7722,73rd
7723,74th
7724,75th
7725,76th
7726,77th
7727,78th
7728,79th
7729,7th
7730,80th
7731,81st
7732,82nd
7733,83rd
7734,84th
7735,85th
7736,86th
7737,87th
7738,88th
7739,89th
7740,8th
7741,90th
7742,91st
7743,92nd
7744,93rd
7745,94th
7746,95th
7747,96th
7748,97th
7749,98th
7750,99th
7751,9th
7752,!
7753,!!
7754,""""
7755,#
7756,##
7757,$
7758,$$
7759,%
7760,%%
7761,&
7762,(
7763,()
7764,)
7765,*
7766,**
7767,+
7768,-
7769,:
7770,;
7771,=
7772,?
7773,??
7774,@
